source,target,cable_id,status,source_interface,source_device,target_device,target_interface
HOST-1,SW-ACC-1,6258,connected,Gi0/2,SW-ACC-1,HOST-1,Gi0/1
HOST-2,SW-ACC-1,6259,connected,Gi0/3,SW-ACC-1,HOST-2,Gi0/1
HOST-3,SW-ACC-1,6260,connected,Gi0/4,SW-ACC-1,HOST-3,Gi0/1
HOST-4,SW-ACC-1,6261,connected,Gi0/5,SW-ACC-1,HOST-4,Gi0/1
HOST-5,SW-ACC-1,6262,connected,Gi0/6,SW-ACC-1,HOST-5,Gi0/1
HOST-6,SW-ACC-1,6263,connected,Gi0/7,SW-ACC-1,HOST-6,Gi0/1
HOST-7,SW-ACC-2,6265,connected,Gi0/2,SW-ACC-2,HOST-7,Gi0/1
HOST-8,SW-ACC-2,6266,connected,Gi0/3,SW-ACC-2,HOST-8,Gi0/1
HOST-9,SW-ACC-2,6267,connected,Gi0/4,SW-ACC-2,HOST-9,Gi0/1
HOST-9,HOST-10,7547,connected,Gi0/2,HOST-9,HOST-10,Gi0/2
HOST-10,SW-ACC-2,6268,connected,Gi0/5,SW-ACC-2,HOST-10,Gi0/1
HOST-11,SW-ACC-2,6269,connected,Gi0/6,SW-ACC-2,HOST-11,Gi0/1
HOST-12,SW-ACC-2,6270,connected,Gi0/7,SW-ACC-2,HOST-12,Gi0/1
HOST-13,SW-ACC-3,6272,connected,Gi0/2,SW-ACC-3,HOST-13,Gi0/1
HOST-14,SW-ACC-3,6273,connected,Gi0/3,SW-ACC-3,HOST-14,Gi0/1
HOST-15,SW-ACC-3,6274,connected,Gi0/4,SW-ACC-3,HOST-15,Gi0/1
HOST-16,SW-ACC-3,6275,connected,Gi0/5,SW-ACC-3,HOST-16,Gi0/1
HOST-17,SW-ACC-3,6276,connected,Gi0/6,SW-ACC-3,HOST-17,Gi0/1
HOST-18,SW-ACC-3,6277,connected,Gi0/7,SW-ACC-3,HOST-18,Gi0/1
HOST-19,SW-ACC-4,6279,connected,Gi0/2,SW-ACC-4,HOST-19,Gi0/1
HOST-20,SW-ACC-4,6280,connected,Gi0/3,SW-ACC-4,HOST-20,Gi0/1
HOST-21,SW-ACC-4,6281,connected,Gi0/4,SW-ACC-4,HOST-21,Gi0/1
HOST-22,SW-ACC-4,6282,connected,Gi0/5,SW-ACC-4,HOST-22,Gi0/1
HOST-23,SW-ACC-4,6283,connected,Gi0/6,SW-ACC-4,HOST-23,Gi0/1
HOST-24,SW-ACC-4,6284,connected,Gi0/7,SW-ACC-4,HOST-24,Gi0/1
HOST-25,SW-ACC-5,6286,connected,Gi0/2,SW-ACC-5,HOST-25,Gi0/1
HOST-26,SW-ACC-5,6287,connected,Gi0/3,SW-ACC-5,HOST-26,Gi0/1
HOST-27,SW-ACC-5,6288,connected,Gi0/4,SW-ACC-5,HOST-27,Gi0/1
HOST-28,SW-ACC-5,6289,connected,Gi0/5,SW-ACC-5,HOST-28,Gi0/1
HOST-29,SW-ACC-5,6290,connected,Gi0/6,SW-ACC-5,HOST-29,Gi0/1
HOST-30,SW-ACC-5,6291,connected,Gi0/7,SW-ACC-5,HOST-30,Gi0/1
HOST-31,SW-ACC-6,6293,connected,Gi0/2,SW-ACC-6,HOST-31,Gi0/1
HOST-32,SW-ACC-6,6294,connected,Gi0/3,SW-ACC-6,HOST-32,Gi0/1
HOST-33,SW-ACC-6,6295,connected,Gi0/4,SW-ACC-6,HOST-33,Gi0/1
HOST-34,SW-ACC-6,6296,connected,Gi0/5,SW-ACC-6,HOST-34,Gi0/1
HOST-35,SW-ACC-6,6297,connected,Gi0/6,SW-ACC-6,HOST-35,Gi0/1
HOST-36,SW-ACC-6,6298,connected,Gi0/7,SW-ACC-6,HOST-36,Gi0/1
HOST-37,SW-ACC-7,6301,connected,Gi0/2,SW-ACC-7,HOST-37,Gi0/1
HOST-38,SW-ACC-7,6302,connected,Gi0/3,SW-ACC-7,HOST-38,Gi0/1
HOST-39,SW-ACC-7,6303,connected,Gi0/4,SW-ACC-7,HOST-39,Gi0/1
HOST-40,SW-ACC-7,6304,connected,Gi0/5,SW-ACC-7,HOST-40,Gi0/1
HOST-41,SW-ACC-7,6305,connected,Gi0/6,SW-ACC-7,HOST-41,Gi0/1
HOST-42,SW-ACC-7,6306,connected,Gi0/7,SW-ACC-7,HOST-42,Gi0/1
HOST-43,SW-ACC-8,6308,connected,Gi0/2,SW-ACC-8,HOST-43,Gi0/1
HOST-44,SW-ACC-8,6309,connected,Gi0/3,SW-ACC-8,HOST-44,Gi0/1
HOST-45,SW-ACC-8,6310,connected,Gi0/4,SW-ACC-8,HOST-45,Gi0/1
HOST-46,SW-ACC-8,6311,connected,Gi0/5,SW-ACC-8,HOST-46,Gi0/1
HOST-47,SW-ACC-8,6312,connected,Gi0/6,SW-ACC-8,HOST-47,Gi0/1
HOST-48,SW-ACC-8,6313,connected,Gi0/7,SW-ACC-8,HOST-48,Gi0/1
HOST-49,SW-ACC-9,6315,connected,Gi0/2,SW-ACC-9,HOST-49,Gi0/1
HOST-50,SW-ACC-9,6316,connected,Gi0/3,SW-ACC-9,HOST-50,Gi0/1
HOST-51,SW-ACC-9,6317,connected,Gi0/4,SW-ACC-9,HOST-51,Gi0/1
HOST-52,SW-ACC-9,6318,connected,Gi0/5,SW-ACC-9,HOST-52,Gi0/1
HOST-53,SW-ACC-9,6319,connected,Gi0/6,SW-ACC-9,HOST-53,Gi0/1
HOST-54,SW-ACC-9,6320,connected,Gi0/7,SW-ACC-9,HOST-54,Gi0/1
HOST-55,SW-ACC-10,6322,connected,Gi0/2,SW-ACC-10,HOST-55,Gi0/1
HOST-56,SW-ACC-10,6323,connected,Gi0/3,SW-ACC-10,HOST-56,Gi0/1
HOST-57,SW-ACC-10,6324,connected,Gi0/4,SW-ACC-10,HOST-57,Gi0/1
HOST-58,SW-ACC-10,6325,connected,Gi0/5,SW-ACC-10,HOST-58,Gi0/1
HOST-59,SW-ACC-10,6326,connected,Gi0/6,SW-ACC-10,HOST-59,Gi0/1
HOST-60,SW-ACC-10,6327,connected,Gi0/7,SW-ACC-10,HOST-60,Gi0/1
HOST-61,SW-ACC-11,6329,connected,Gi0/2,SW-ACC-11,HOST-61,Gi0/1
HOST-62,SW-ACC-11,6330,connected,Gi0/3,SW-ACC-11,HOST-62,Gi0/1
HOST-63,SW-ACC-11,6331,connected,Gi0/4,SW-ACC-11,HOST-63,Gi0/1
HOST-64,SW-ACC-11,6332,connected,Gi0/5,SW-ACC-11,HOST-64,Gi0/1
HOST-65,SW-ACC-11,6333,connected,Gi0/6,SW-ACC-11,HOST-65,Gi0/1
HOST-66,SW-ACC-11,6334,connected,Gi0/7,SW-ACC-11,HOST-66,Gi0/1
HOST-67,SW-ACC-12,6336,connected,Gi0/2,SW-ACC-12,HOST-67,Gi0/1
HOST-68,SW-ACC-12,6337,connected,Gi0/3,SW-ACC-12,HOST-68,Gi0/1
HOST-69,SW-ACC-12,6338,connected,Gi0/4,SW-ACC-12,HOST-69,Gi0/1
HOST-70,SW-ACC-12,6339,connected,Gi0/5,SW-ACC-12,HOST-70,Gi0/1
HOST-71,SW-ACC-12,6340,connected,Gi0/6,SW-ACC-12,HOST-71,Gi0/1
HOST-72,SW-ACC-12,6341,connected,Gi0/7,SW-ACC-12,HOST-72,Gi0/1
HOST-73,SW-ACC-13,6344,connected,Gi0/2,SW-ACC-13,HOST-73,Gi0/1
HOST-74,SW-ACC-13,6345,connected,Gi0/3,SW-ACC-13,HOST-74,Gi0/1
HOST-75,SW-ACC-13,6346,connected,Gi0/4,SW-ACC-13,HOST-75,Gi0/1
HOST-76,SW-ACC-13,6347,connected,Gi0/5,SW-ACC-13,HOST-76,Gi0/1
HOST-77,SW-ACC-13,6348,connected,Gi0/6,SW-ACC-13,HOST-77,Gi0/1
HOST-78,SW-ACC-13,6349,connected,Gi0/7,SW-ACC-13,HOST-78,Gi0/1
HOST-79,SW-ACC-14,6351,connected,Gi0/2,SW-ACC-14,HOST-79,Gi0/1
HOST-80,SW-ACC-14,6352,connected,Gi0/3,SW-ACC-14,HOST-80,Gi0/1
HOST-81,SW-ACC-14,6353,connected,Gi0/4,SW-ACC-14,HOST-81,Gi0/1
HOST-82,SW-ACC-14,6354,connected,Gi0/5,SW-ACC-14,HOST-82,Gi0/1
HOST-83,SW-ACC-14,6355,connected,Gi0/6,SW-ACC-14,HOST-83,Gi0/1
HOST-84,SW-ACC-14,6356,connected,Gi0/7,SW-ACC-14,HOST-84,Gi0/1
HOST-85,SW-ACC-15,6358,connected,Gi0/2,SW-ACC-15,HOST-85,Gi0/1
HOST-86,SW-ACC-15,6359,connected,Gi0/3,SW-ACC-15,HOST-86,Gi0/1
HOST-87,SW-ACC-15,6360,connected,Gi0/4,SW-ACC-15,HOST-87,Gi0/1
HOST-88,SW-ACC-15,6361,connected,Gi0/5,SW-ACC-15,HOST-88,Gi0/1
HOST-89,SW-ACC-15,6362,connected,Gi0/6,SW-ACC-15,HOST-89,Gi0/1
HOST-90,SW-ACC-15,6363,connected,Gi0/7,SW-ACC-15,HOST-90,Gi0/1
HOST-91,SW-ACC-16,6365,connected,Gi0/2,SW-ACC-16,HOST-91,Gi0/1
HOST-92,SW-ACC-16,6366,connected,Gi0/3,SW-ACC-16,HOST-92,Gi0/1
HOST-93,SW-ACC-16,6367,connected,Gi0/4,SW-ACC-16,HOST-93,Gi0/1
HOST-94,SW-ACC-16,6368,connected,Gi0/5,SW-ACC-16,HOST-94,Gi0/1
HOST-95,SW-ACC-16,6369,connected,Gi0/6,SW-ACC-16,HOST-95,Gi0/1
HOST-96,SW-ACC-16,6370,connected,Gi0/7,SW-ACC-16,HOST-96,Gi0/1
HOST-97,SW-ACC-17,6372,connected,Gi0/2,SW-ACC-17,HOST-97,Gi0/1
HOST-98,SW-ACC-17,6373,connected,Gi0/3,SW-ACC-17,HOST-98,Gi0/1
HOST-99,SW-ACC-17,6374,connected,Gi0/4,SW-ACC-17,HOST-99,Gi0/1
HOST-100,SW-ACC-17,6375,connected,Gi0/5,SW-ACC-17,HOST-100,Gi0/1
HOST-101,SW-ACC-17,6376,connected,Gi0/6,SW-ACC-17,HOST-101,Gi0/1
HOST-102,SW-ACC-17,6377,connected,Gi0/7,SW-ACC-17,HOST-102,Gi0/1
HOST-103,SW-ACC-18,6379,connected,Gi0/2,SW-ACC-18,HOST-103,Gi0/1
HOST-104,SW-ACC-18,6380,connected,Gi0/3,SW-ACC-18,HOST-104,Gi0/1
HOST-105,SW-ACC-18,6381,connected,Gi0/4,SW-ACC-18,HOST-105,Gi0/1
HOST-106,SW-ACC-18,6382,connected,Gi0/5,SW-ACC-18,HOST-106,Gi0/1
HOST-107,SW-ACC-18,6383,connected,Gi0/6,SW-ACC-18,HOST-107,Gi0/1
HOST-108,SW-ACC-18,6384,connected,Gi0/7,SW-ACC-18,HOST-108,Gi0/1
HOST-109,SW-ACC-19,6387,connected,Gi0/2,SW-ACC-19,HOST-109,Gi0/1
HOST-110,SW-ACC-19,6388,connected,Gi0/3,SW-ACC-19,HOST-110,Gi0/1
HOST-111,SW-ACC-19,6389,connected,Gi0/4,SW-ACC-19,HOST-111,Gi0/1
HOST-112,SW-ACC-19,6390,connected,Gi0/5,SW-ACC-19,HOST-112,Gi0/1
HOST-113,SW-ACC-19,6391,connected,Gi0/6,SW-ACC-19,HOST-113,Gi0/1
HOST-114,SW-ACC-19,6392,connected,Gi0/7,SW-ACC-19,HOST-114,Gi0/1
HOST-115,SW-ACC-20,6394,connected,Gi0/2,SW-ACC-20,HOST-115,Gi0/1
HOST-116,SW-ACC-20,6395,connected,Gi0/3,SW-ACC-20,HOST-116,Gi0/1
HOST-117,SW-ACC-20,6396,connected,Gi0/4,SW-ACC-20,HOST-117,Gi0/1
HOST-118,SW-ACC-20,6397,connected,Gi0/5,SW-ACC-20,HOST-118,Gi0/1
HOST-119,SW-ACC-20,6398,connected,Gi0/6,SW-ACC-20,HOST-119,Gi0/1
HOST-120,SW-ACC-20,6399,connected,Gi0/7,SW-ACC-20,HOST-120,Gi0/1
HOST-121,SW-ACC-21,6401,connected,Gi0/2,SW-ACC-21,HOST-121,Gi0/1
HOST-122,SW-ACC-21,6402,connected,Gi0/3,SW-ACC-21,HOST-122,Gi0/1
HOST-123,SW-ACC-21,6403,connected,Gi0/4,SW-ACC-21,HOST-123,Gi0/1
HOST-124,SW-ACC-21,6404,connected,Gi0/5,SW-ACC-21,HOST-124,Gi0/1
HOST-125,SW-ACC-21,6405,connected,Gi0/6,SW-ACC-21,HOST-125,Gi0/1
HOST-126,SW-ACC-21,6406,connected,Gi0/7,SW-ACC-21,HOST-126,Gi0/1
HOST-127,SW-ACC-22,6408,connected,Gi0/2,SW-ACC-22,HOST-127,Gi0/1
HOST-128,SW-ACC-22,6409,connected,Gi0/3,SW-ACC-22,HOST-128,Gi0/1
HOST-129,SW-ACC-22,6410,connected,Gi0/4,SW-ACC-22,HOST-129,Gi0/1
HOST-130,SW-ACC-22,6411,connected,Gi0/5,SW-ACC-22,HOST-130,Gi0/1
HOST-131,SW-ACC-22,6412,connected,Gi0/6,SW-ACC-22,HOST-131,Gi0/1
HOST-132,SW-ACC-22,6413,connected,Gi0/7,SW-ACC-22,HOST-132,Gi0/1
HOST-133,SW-ACC-23,6415,connected,Gi0/2,SW-ACC-23,HOST-133,Gi0/1
HOST-134,SW-ACC-23,6416,connected,Gi0/3,SW-ACC-23,HOST-134,Gi0/1
HOST-135,SW-ACC-23,6417,connected,Gi0/4,SW-ACC-23,HOST-135,Gi0/1
HOST-136,SW-ACC-23,6418,connected,Gi0/5,SW-ACC-23,HOST-136,Gi0/1
HOST-137,SW-ACC-23,6419,connected,Gi0/6,SW-ACC-23,HOST-137,Gi0/1
HOST-138,SW-ACC-23,6420,connected,Gi0/7,SW-ACC-23,HOST-138,Gi0/1
HOST-139,SW-ACC-24,6422,connected,Gi0/2,SW-ACC-24,HOST-139,Gi0/1
HOST-140,SW-ACC-24,6423,connected,Gi0/3,SW-ACC-24,HOST-140,Gi0/1
HOST-141,SW-ACC-24,6424,connected,Gi0/4,SW-ACC-24,HOST-141,Gi0/1
HOST-142,SW-ACC-24,6425,connected,Gi0/5,SW-ACC-24,HOST-142,Gi0/1
HOST-143,SW-ACC-24,6426,connected,Gi0/6,SW-ACC-24,HOST-143,Gi0/1
HOST-144,SW-ACC-24,6427,connected,Gi0/7,SW-ACC-24,HOST-144,Gi0/1
HOST-145,SW-ACC-25,6430,connected,Gi0/2,SW-ACC-25,HOST-145,Gi0/1
HOST-146,SW-ACC-25,6431,connected,Gi0/3,SW-ACC-25,HOST-146,Gi0/1
HOST-147,SW-ACC-25,6432,connected,Gi0/4,SW-ACC-25,HOST-147,Gi0/1
HOST-148,SW-ACC-25,6433,connected,Gi0/5,SW-ACC-25,HOST-148,Gi0/1
HOST-149,SW-ACC-25,6434,connected,Gi0/6,SW-ACC-25,HOST-149,Gi0/1
HOST-150,SW-ACC-25,6435,connected,Gi0/7,SW-ACC-25,HOST-150,Gi0/1
HOST-151,SW-ACC-26,6437,connected,Gi0/2,SW-ACC-26,HOST-151,Gi0/1
HOST-152,SW-ACC-26,6438,connected,Gi0/3,SW-ACC-26,HOST-152,Gi0/1
HOST-153,SW-ACC-26,6439,connected,Gi0/4,SW-ACC-26,HOST-153,Gi0/1
HOST-154,SW-ACC-26,6440,connected,Gi0/5,SW-ACC-26,HOST-154,Gi0/1
HOST-155,SW-ACC-26,6441,connected,Gi0/6,SW-ACC-26,HOST-155,Gi0/1
HOST-156,SW-ACC-26,6442,connected,Gi0/7,SW-ACC-26,HOST-156,Gi0/1
HOST-157,SW-ACC-27,6444,connected,Gi0/2,SW-ACC-27,HOST-157,Gi0/1
HOST-158,SW-ACC-27,6445,connected,Gi0/3,SW-ACC-27,HOST-158,Gi0/1
HOST-159,SW-ACC-27,6446,connected,Gi0/4,SW-ACC-27,HOST-159,Gi0/1
HOST-160,SW-ACC-27,6447,connected,Gi0/5,SW-ACC-27,HOST-160,Gi0/1
HOST-161,SW-ACC-27,6448,connected,Gi0/6,SW-ACC-27,HOST-161,Gi0/1
HOST-162,SW-ACC-27,6449,connected,Gi0/7,SW-ACC-27,HOST-162,Gi0/1
HOST-163,SW-ACC-28,6451,connected,Gi0/2,SW-ACC-28,HOST-163,Gi0/1
HOST-164,SW-ACC-28,6452,connected,Gi0/3,SW-ACC-28,HOST-164,Gi0/1
HOST-165,SW-ACC-28,6453,connected,Gi0/4,SW-ACC-28,HOST-165,Gi0/1
HOST-166,SW-ACC-28,6454,connected,Gi0/5,SW-ACC-28,HOST-166,Gi0/1
HOST-167,SW-ACC-28,6455,connected,Gi0/6,SW-ACC-28,HOST-167,Gi0/1
HOST-168,SW-ACC-28,6456,connected,Gi0/7,SW-ACC-28,HOST-168,Gi0/1
HOST-169,SW-ACC-29,6458,connected,Gi0/2,SW-ACC-29,HOST-169,Gi0/1
HOST-170,SW-ACC-29,6459,connected,Gi0/3,SW-ACC-29,HOST-170,Gi0/1
HOST-171,SW-ACC-29,6460,connected,Gi0/4,SW-ACC-29,HOST-171,Gi0/1
HOST-172,SW-ACC-29,6461,connected,Gi0/5,SW-ACC-29,HOST-172,Gi0/1
HOST-173,SW-ACC-29,6462,connected,Gi0/6,SW-ACC-29,HOST-173,Gi0/1
HOST-174,SW-ACC-29,6463,connected,Gi0/7,SW-ACC-29,HOST-174,Gi0/1
HOST-175,SW-ACC-30,6465,connected,Gi0/2,SW-ACC-30,HOST-175,Gi0/1
HOST-176,SW-ACC-30,6466,connected,Gi0/3,SW-ACC-30,HOST-176,Gi0/1
HOST-177,SW-ACC-30,6467,connected,Gi0/4,SW-ACC-30,HOST-177,Gi0/1
HOST-178,SW-ACC-30,6468,connected,Gi0/5,SW-ACC-30,HOST-178,Gi0/1
HOST-179,SW-ACC-30,6469,connected,Gi0/6,SW-ACC-30,HOST-179,Gi0/1
HOST-180,SW-ACC-30,6470,connected,Gi0/7,SW-ACC-30,HOST-180,Gi0/1
HOST-181,SW-ACC-31,6473,connected,Gi0/2,SW-ACC-31,HOST-181,Gi0/1
HOST-182,SW-ACC-31,6474,connected,Gi0/3,SW-ACC-31,HOST-182,Gi0/1
HOST-183,SW-ACC-31,6475,connected,Gi0/4,SW-ACC-31,HOST-183,Gi0/1
HOST-184,SW-ACC-31,6476,connected,Gi0/5,SW-ACC-31,HOST-184,Gi0/1
HOST-185,SW-ACC-31,6477,connected,Gi0/6,SW-ACC-31,HOST-185,Gi0/1
HOST-186,SW-ACC-31,6478,connected,Gi0/7,SW-ACC-31,HOST-186,Gi0/1
HOST-187,SW-ACC-32,6480,connected,Gi0/2,SW-ACC-32,HOST-187,Gi0/1
HOST-188,SW-ACC-32,6481,connected,Gi0/3,SW-ACC-32,HOST-188,Gi0/1
HOST-189,SW-ACC-32,6482,connected,Gi0/4,SW-ACC-32,HOST-189,Gi0/1
HOST-190,SW-ACC-32,6483,connected,Gi0/5,SW-ACC-32,HOST-190,Gi0/1
HOST-191,SW-ACC-32,6484,connected,Gi0/6,SW-ACC-32,HOST-191,Gi0/1
HOST-192,SW-ACC-32,6485,connected,Gi0/7,SW-ACC-32,HOST-192,Gi0/1
HOST-193,SW-ACC-33,6487,connected,Gi0/2,SW-ACC-33,HOST-193,Gi0/1
HOST-194,SW-ACC-33,6488,connected,Gi0/3,SW-ACC-33,HOST-194,Gi0/1
HOST-195,SW-ACC-33,6489,connected,Gi0/4,SW-ACC-33,HOST-195,Gi0/1
HOST-196,SW-ACC-33,6490,connected,Gi0/5,SW-ACC-33,HOST-196,Gi0/1
HOST-197,SW-ACC-33,6491,connected,Gi0/6,SW-ACC-33,HOST-197,Gi0/1
HOST-198,SW-ACC-33,6492,connected,Gi0/7,SW-ACC-33,HOST-198,Gi0/1
HOST-199,SW-ACC-34,6494,connected,Gi0/2,SW-ACC-34,HOST-199,Gi0/1
HOST-200,SW-ACC-34,6495,connected,Gi0/3,SW-ACC-34,HOST-200,Gi0/1
HOST-201,SW-ACC-34,6496,connected,Gi0/4,SW-ACC-34,HOST-201,Gi0/1
HOST-202,SW-ACC-34,6497,connected,Gi0/5,SW-ACC-34,HOST-202,Gi0/1
HOST-203,SW-ACC-34,6498,connected,Gi0/6,SW-ACC-34,HOST-203,Gi0/1
HOST-204,SW-ACC-34,6499,connected,Gi0/7,SW-ACC-34,HOST-204,Gi0/1
HOST-205,SW-ACC-35,6501,connected,Gi0/2,SW-ACC-35,HOST-205,Gi0/1
HOST-206,SW-ACC-35,6502,connected,Gi0/3,SW-ACC-35,HOST-206,Gi0/1
HOST-207,SW-ACC-35,6503,connected,Gi0/4,SW-ACC-35,HOST-207,Gi0/1
HOST-208,SW-ACC-35,6504,connected,Gi0/5,SW-ACC-35,HOST-208,Gi0/1
HOST-209,SW-ACC-35,6505,connected,Gi0/6,SW-ACC-35,HOST-209,Gi0/1
HOST-210,SW-ACC-35,6506,connected,Gi0/7,SW-ACC-35,HOST-210,Gi0/1
HOST-211,SW-ACC-36,6508,connected,Gi0/2,SW-ACC-36,HOST-211,Gi0/1
HOST-212,SW-ACC-36,6509,connected,Gi0/3,SW-ACC-36,HOST-212,Gi0/1
HOST-213,SW-ACC-36,6510,connected,Gi0/4,SW-ACC-36,HOST-213,Gi0/1
HOST-214,SW-ACC-36,6511,connected,Gi0/5,SW-ACC-36,HOST-214,Gi0/1
HOST-215,SW-ACC-36,6512,connected,Gi0/6,SW-ACC-36,HOST-215,Gi0/1
HOST-216,SW-ACC-36,6513,connected,Gi0/7,SW-ACC-36,HOST-216,Gi0/1
HOST-217,SW-ACC-37,6516,connected,Gi0/2,SW-ACC-37,HOST-217,Gi0/1
HOST-218,SW-ACC-37,6517,connected,Gi0/3,SW-ACC-37,HOST-218,Gi0/1
HOST-219,SW-ACC-37,6518,connected,Gi0/4,SW-ACC-37,HOST-219,Gi0/1
HOST-220,SW-ACC-37,6519,connected,Gi0/5,SW-ACC-37,HOST-220,Gi0/1
HOST-221,SW-ACC-37,6520,connected,Gi0/6,SW-ACC-37,HOST-221,Gi0/1
HOST-222,SW-ACC-37,6521,connected,Gi0/7,SW-ACC-37,HOST-222,Gi0/1
HOST-223,SW-ACC-38,6523,connected,Gi0/2,SW-ACC-38,HOST-223,Gi0/1
HOST-224,SW-ACC-38,6524,connected,Gi0/3,SW-ACC-38,HOST-224,Gi0/1
HOST-225,SW-ACC-38,6525,connected,Gi0/4,SW-ACC-38,HOST-225,Gi0/1
HOST-226,SW-ACC-38,6526,connected,Gi0/5,SW-ACC-38,HOST-226,Gi0/1
HOST-227,SW-ACC-38,6527,connected,Gi0/6,SW-ACC-38,HOST-227,Gi0/1
HOST-228,SW-ACC-38,6528,connected,Gi0/7,SW-ACC-38,HOST-228,Gi0/1
HOST-229,SW-ACC-39,6530,connected,Gi0/2,SW-ACC-39,HOST-229,Gi0/1
HOST-230,SW-ACC-39,6531,connected,Gi0/3,SW-ACC-39,HOST-230,Gi0/1
HOST-231,SW-ACC-39,6532,connected,Gi0/4,SW-ACC-39,HOST-231,Gi0/1
HOST-232,SW-ACC-39,6533,connected,Gi0/5,SW-ACC-39,HOST-232,Gi0/1
HOST-233,SW-ACC-39,6534,connected,Gi0/6,SW-ACC-39,HOST-233,Gi0/1
HOST-234,SW-ACC-39,6535,connected,Gi0/7,SW-ACC-39,HOST-234,Gi0/1
HOST-235,SW-ACC-40,6537,connected,Gi0/2,SW-ACC-40,HOST-235,Gi0/1
HOST-236,SW-ACC-40,6538,connected,Gi0/3,SW-ACC-40,HOST-236,Gi0/1
HOST-237,SW-ACC-40,6539,connected,Gi0/4,SW-ACC-40,HOST-237,Gi0/1
HOST-238,SW-ACC-40,6540,connected,Gi0/5,SW-ACC-40,HOST-238,Gi0/1
HOST-239,SW-ACC-40,6541,connected,Gi0/6,SW-ACC-40,HOST-239,Gi0/1
HOST-240,SW-ACC-40,6542,connected,Gi0/7,SW-ACC-40,HOST-240,Gi0/1
HOST-241,SW-ACC-41,6544,connected,Gi0/2,SW-ACC-41,HOST-241,Gi0/1
HOST-242,SW-ACC-41,6545,connected,Gi0/3,SW-ACC-41,HOST-242,Gi0/1
HOST-243,SW-ACC-41,6546,connected,Gi0/4,SW-ACC-41,HOST-243,Gi0/1
HOST-244,SW-ACC-41,6547,connected,Gi0/5,SW-ACC-41,HOST-244,Gi0/1
HOST-245,SW-ACC-41,6548,connected,Gi0/6,SW-ACC-41,HOST-245,Gi0/1
HOST-246,SW-ACC-41,6549,connected,Gi0/7,SW-ACC-41,HOST-246,Gi0/1
HOST-247,SW-ACC-42,6551,connected,Gi0/2,SW-ACC-42,HOST-247,Gi0/1
HOST-248,SW-ACC-42,6552,connected,Gi0/3,SW-ACC-42,HOST-248,Gi0/1
HOST-249,SW-ACC-42,6553,connected,Gi0/4,SW-ACC-42,HOST-249,Gi0/1
HOST-250,SW-ACC-42,6554,connected,Gi0/5,SW-ACC-42,HOST-250,Gi0/1
HOST-251,SW-ACC-42,6555,connected,Gi0/6,SW-ACC-42,HOST-251,Gi0/1
HOST-252,SW-ACC-42,6556,connected,Gi0/7,SW-ACC-42,HOST-252,Gi0/1
HOST-253,SW-ACC-43,6559,connected,Gi0/2,SW-ACC-43,HOST-253,Gi0/1
HOST-254,SW-ACC-43,6560,connected,Gi0/3,SW-ACC-43,HOST-254,Gi0/1
HOST-255,SW-ACC-43,6561,connected,Gi0/4,SW-ACC-43,HOST-255,Gi0/1
HOST-256,SW-ACC-43,6562,connected,Gi0/5,SW-ACC-43,HOST-256,Gi0/1
HOST-257,SW-ACC-43,6563,connected,Gi0/6,SW-ACC-43,HOST-257,Gi0/1
HOST-258,SW-ACC-43,6564,connected,Gi0/7,SW-ACC-43,HOST-258,Gi0/1
HOST-259,SW-ACC-44,6566,connected,Gi0/2,SW-ACC-44,HOST-259,Gi0/1
HOST-260,SW-ACC-44,6567,connected,Gi0/3,SW-ACC-44,HOST-260,Gi0/1
HOST-261,SW-ACC-44,6568,connected,Gi0/4,SW-ACC-44,HOST-261,Gi0/1
HOST-262,SW-ACC-44,6569,connected,Gi0/5,SW-ACC-44,HOST-262,Gi0/1
HOST-263,SW-ACC-44,6570,connected,Gi0/6,SW-ACC-44,HOST-263,Gi0/1
HOST-264,SW-ACC-44,6571,connected,Gi0/7,SW-ACC-44,HOST-264,Gi0/1
HOST-265,SW-ACC-45,6573,connected,Gi0/2,SW-ACC-45,HOST-265,Gi0/1
HOST-266,SW-ACC-45,6574,connected,Gi0/3,SW-ACC-45,HOST-266,Gi0/1
HOST-267,SW-ACC-45,6575,connected,Gi0/4,SW-ACC-45,HOST-267,Gi0/1
HOST-268,SW-ACC-45,6576,connected,Gi0/5,SW-ACC-45,HOST-268,Gi0/1
HOST-269,SW-ACC-45,6577,connected,Gi0/6,SW-ACC-45,HOST-269,Gi0/1
HOST-270,SW-ACC-45,6578,connected,Gi0/7,SW-ACC-45,HOST-270,Gi0/1
HOST-271,SW-ACC-46,6580,connected,Gi0/2,SW-ACC-46,HOST-271,Gi0/1
HOST-272,SW-ACC-46,6581,connected,Gi0/3,SW-ACC-46,HOST-272,Gi0/1
HOST-273,SW-ACC-46,6582,connected,Gi0/4,SW-ACC-46,HOST-273,Gi0/1
HOST-274,SW-ACC-46,6583,connected,Gi0/5,SW-ACC-46,HOST-274,Gi0/1
HOST-275,SW-ACC-46,6584,connected,Gi0/6,SW-ACC-46,HOST-275,Gi0/1
HOST-276,SW-ACC-46,6585,connected,Gi0/7,SW-ACC-46,HOST-276,Gi0/1
HOST-277,SW-ACC-47,6587,connected,Gi0/2,SW-ACC-47,HOST-277,Gi0/1
HOST-278,SW-ACC-47,6588,connected,Gi0/3,SW-ACC-47,HOST-278,Gi0/1
HOST-279,SW-ACC-47,6589,connected,Gi0/4,SW-ACC-47,HOST-279,Gi0/1
HOST-280,SW-ACC-47,6590,connected,Gi0/5,SW-ACC-47,HOST-280,Gi0/1
HOST-281,SW-ACC-47,6591,connected,Gi0/6,SW-ACC-47,HOST-281,Gi0/1
HOST-282,SW-ACC-47,6592,connected,Gi0/7,SW-ACC-47,HOST-282,Gi0/1
HOST-283,SW-ACC-48,6594,connected,Gi0/2,SW-ACC-48,HOST-283,Gi0/1
HOST-284,SW-ACC-48,6595,connected,Gi0/3,SW-ACC-48,HOST-284,Gi0/1
HOST-285,SW-ACC-48,6596,connected,Gi0/4,SW-ACC-48,HOST-285,Gi0/1
HOST-286,SW-ACC-48,6597,connected,Gi0/5,SW-ACC-48,HOST-286,Gi0/1
HOST-287,SW-ACC-48,6598,connected,Gi0/6,SW-ACC-48,HOST-287,Gi0/1
HOST-288,SW-ACC-48,6599,connected,Gi0/7,SW-ACC-48,HOST-288,Gi0/1
HOST-289,SW-ACC-49,6602,connected,Gi0/2,SW-ACC-49,HOST-289,Gi0/1
HOST-290,SW-ACC-49,6603,connected,Gi0/3,SW-ACC-49,HOST-290,Gi0/1
HOST-291,SW-ACC-49,6604,connected,Gi0/4,SW-ACC-49,HOST-291,Gi0/1
HOST-292,SW-ACC-49,6605,connected,Gi0/5,SW-ACC-49,HOST-292,Gi0/1
HOST-293,SW-ACC-49,6606,connected,Gi0/6,SW-ACC-49,HOST-293,Gi0/1
HOST-294,SW-ACC-49,6607,connected,Gi0/7,SW-ACC-49,HOST-294,Gi0/1
HOST-295,SW-ACC-50,6609,connected,Gi0/2,SW-ACC-50,HOST-295,Gi0/1
HOST-296,SW-ACC-50,6610,connected,Gi0/3,SW-ACC-50,HOST-296,Gi0/1
HOST-297,SW-ACC-50,6611,connected,Gi0/4,SW-ACC-50,HOST-297,Gi0/1
HOST-298,SW-ACC-50,6612,connected,Gi0/5,SW-ACC-50,HOST-298,Gi0/1
HOST-299,SW-ACC-50,6613,connected,Gi0/6,SW-ACC-50,HOST-299,Gi0/1
HOST-300,SW-ACC-50,6614,connected,Gi0/7,SW-ACC-50,HOST-300,Gi0/1
HOST-301,SW-ACC-51,6616,connected,Gi0/2,SW-ACC-51,HOST-301,Gi0/1
HOST-302,SW-ACC-51,6617,connected,Gi0/3,SW-ACC-51,HOST-302,Gi0/1
HOST-303,SW-ACC-51,6618,connected,Gi0/4,SW-ACC-51,HOST-303,Gi0/1
HOST-304,SW-ACC-51,6619,connected,Gi0/5,SW-ACC-51,HOST-304,Gi0/1
HOST-305,SW-ACC-51,6620,connected,Gi0/6,SW-ACC-51,HOST-305,Gi0/1
HOST-306,SW-ACC-51,6621,connected,Gi0/7,SW-ACC-51,HOST-306,Gi0/1
HOST-307,SW-ACC-52,6623,connected,Gi0/2,SW-ACC-52,HOST-307,Gi0/1
HOST-308,SW-ACC-52,6624,connected,Gi0/3,SW-ACC-52,HOST-308,Gi0/1
HOST-309,SW-ACC-52,6625,connected,Gi0/4,SW-ACC-52,HOST-309,Gi0/1
HOST-310,SW-ACC-52,6626,connected,Gi0/5,SW-ACC-52,HOST-310,Gi0/1
HOST-311,SW-ACC-52,6627,connected,Gi0/6,SW-ACC-52,HOST-311,Gi0/1
HOST-312,SW-ACC-52,6628,connected,Gi0/7,SW-ACC-52,HOST-312,Gi0/1
HOST-313,SW-ACC-53,6630,connected,Gi0/2,SW-ACC-53,HOST-313,Gi0/1
HOST-314,SW-ACC-53,6631,connected,Gi0/3,SW-ACC-53,HOST-314,Gi0/1
HOST-315,SW-ACC-53,6632,connected,Gi0/4,SW-ACC-53,HOST-315,Gi0/1
HOST-316,SW-ACC-53,6633,connected,Gi0/5,SW-ACC-53,HOST-316,Gi0/1
HOST-317,SW-ACC-53,6634,connected,Gi0/6,SW-ACC-53,HOST-317,Gi0/1
HOST-318,SW-ACC-53,6635,connected,Gi0/7,SW-ACC-53,HOST-318,Gi0/1
HOST-319,SW-ACC-54,6637,connected,Gi0/2,SW-ACC-54,HOST-319,Gi0/1
HOST-320,SW-ACC-54,6638,connected,Gi0/3,SW-ACC-54,HOST-320,Gi0/1
HOST-321,SW-ACC-54,6639,connected,Gi0/4,SW-ACC-54,HOST-321,Gi0/1
HOST-322,SW-ACC-54,6640,connected,Gi0/5,SW-ACC-54,HOST-322,Gi0/1
HOST-323,SW-ACC-54,6641,connected,Gi0/6,SW-ACC-54,HOST-323,Gi0/1
HOST-324,SW-ACC-54,6642,connected,Gi0/7,SW-ACC-54,HOST-324,Gi0/1
HOST-325,SW-ACC-55,6645,connected,Gi0/2,SW-ACC-55,HOST-325,Gi0/1
HOST-326,SW-ACC-55,6646,connected,Gi0/3,SW-ACC-55,HOST-326,Gi0/1
HOST-327,SW-ACC-55,6647,connected,Gi0/4,SW-ACC-55,HOST-327,Gi0/1
HOST-328,SW-ACC-55,6648,connected,Gi0/5,SW-ACC-55,HOST-328,Gi0/1
HOST-329,SW-ACC-55,6649,connected,Gi0/6,SW-ACC-55,HOST-329,Gi0/1
HOST-330,SW-ACC-55,6650,connected,Gi0/7,SW-ACC-55,HOST-330,Gi0/1
HOST-331,SW-ACC-56,6652,connected,Gi0/2,SW-ACC-56,HOST-331,Gi0/1
HOST-332,SW-ACC-56,6653,connected,Gi0/3,SW-ACC-56,HOST-332,Gi0/1
HOST-333,SW-ACC-56,6654,connected,Gi0/4,SW-ACC-56,HOST-333,Gi0/1
HOST-334,SW-ACC-56,6655,connected,Gi0/5,SW-ACC-56,HOST-334,Gi0/1
HOST-335,SW-ACC-56,6656,connected,Gi0/6,SW-ACC-56,HOST-335,Gi0/1
HOST-336,SW-ACC-56,6657,connected,Gi0/7,SW-ACC-56,HOST-336,Gi0/1
HOST-337,SW-ACC-57,6659,connected,Gi0/2,SW-ACC-57,HOST-337,Gi0/1
HOST-338,SW-ACC-57,6660,connected,Gi0/3,SW-ACC-57,HOST-338,Gi0/1
HOST-339,SW-ACC-57,6661,connected,Gi0/4,SW-ACC-57,HOST-339,Gi0/1
HOST-340,SW-ACC-57,6662,connected,Gi0/5,SW-ACC-57,HOST-340,Gi0/1
HOST-341,SW-ACC-57,6663,connected,Gi0/6,SW-ACC-57,HOST-341,Gi0/1
HOST-342,SW-ACC-57,6664,connected,Gi0/7,SW-ACC-57,HOST-342,Gi0/1
HOST-343,SW-ACC-58,6666,connected,Gi0/2,SW-ACC-58,HOST-343,Gi0/1
HOST-344,SW-ACC-58,6667,connected,Gi0/3,SW-ACC-58,HOST-344,Gi0/1
HOST-345,SW-ACC-58,6668,connected,Gi0/4,SW-ACC-58,HOST-345,Gi0/1
HOST-346,SW-ACC-58,6669,connected,Gi0/5,SW-ACC-58,HOST-346,Gi0/1
HOST-347,SW-ACC-58,6670,connected,Gi0/6,SW-ACC-58,HOST-347,Gi0/1
HOST-348,SW-ACC-58,6671,connected,Gi0/7,SW-ACC-58,HOST-348,Gi0/1
HOST-349,SW-ACC-59,6673,connected,Gi0/2,SW-ACC-59,HOST-349,Gi0/1
HOST-350,SW-ACC-59,6674,connected,Gi0/3,SW-ACC-59,HOST-350,Gi0/1
HOST-351,SW-ACC-59,6675,connected,Gi0/4,SW-ACC-59,HOST-351,Gi0/1
HOST-352,SW-ACC-59,6676,connected,Gi0/5,SW-ACC-59,HOST-352,Gi0/1
HOST-353,SW-ACC-59,6677,connected,Gi0/6,SW-ACC-59,HOST-353,Gi0/1
HOST-354,SW-ACC-59,6678,connected,Gi0/7,SW-ACC-59,HOST-354,Gi0/1
HOST-355,SW-ACC-60,6680,connected,Gi0/2,SW-ACC-60,HOST-355,Gi0/1
HOST-356,SW-ACC-60,6681,connected,Gi0/3,SW-ACC-60,HOST-356,Gi0/1
HOST-357,SW-ACC-60,6682,connected,Gi0/4,SW-ACC-60,HOST-357,Gi0/1
HOST-358,SW-ACC-60,6683,connected,Gi0/5,SW-ACC-60,HOST-358,Gi0/1
HOST-359,SW-ACC-60,6684,connected,Gi0/6,SW-ACC-60,HOST-359,Gi0/1
HOST-360,SW-ACC-60,6685,connected,Gi0/7,SW-ACC-60,HOST-360,Gi0/1
HOST-361,SW-ACC-61,6688,connected,Gi0/2,SW-ACC-61,HOST-361,Gi0/1
HOST-362,SW-ACC-61,6689,connected,Gi0/3,SW-ACC-61,HOST-362,Gi0/1
HOST-363,SW-ACC-61,6690,connected,Gi0/4,SW-ACC-61,HOST-363,Gi0/1
HOST-364,SW-ACC-61,6691,connected,Gi0/5,SW-ACC-61,HOST-364,Gi0/1
HOST-365,SW-ACC-61,6692,connected,Gi0/6,SW-ACC-61,HOST-365,Gi0/1
HOST-366,SW-ACC-61,6693,connected,Gi0/7,SW-ACC-61,HOST-366,Gi0/1
HOST-367,SW-ACC-62,6695,connected,Gi0/2,SW-ACC-62,HOST-367,Gi0/1
HOST-368,SW-ACC-62,6696,connected,Gi0/3,SW-ACC-62,HOST-368,Gi0/1
HOST-369,SW-ACC-62,6697,connected,Gi0/4,SW-ACC-62,HOST-369,Gi0/1
HOST-370,SW-ACC-62,6698,connected,Gi0/5,SW-ACC-62,HOST-370,Gi0/1
HOST-371,SW-ACC-62,6699,connected,Gi0/6,SW-ACC-62,HOST-371,Gi0/1
HOST-372,SW-ACC-62,6700,connected,Gi0/7,SW-ACC-62,HOST-372,Gi0/1
HOST-373,SW-ACC-63,6702,connected,Gi0/2,SW-ACC-63,HOST-373,Gi0/1
HOST-374,SW-ACC-63,6703,connected,Gi0/3,SW-ACC-63,HOST-374,Gi0/1
HOST-375,SW-ACC-63,6704,connected,Gi0/4,SW-ACC-63,HOST-375,Gi0/1
HOST-376,SW-ACC-63,6705,connected,Gi0/5,SW-ACC-63,HOST-376,Gi0/1
HOST-377,SW-ACC-63,6706,connected,Gi0/6,SW-ACC-63,HOST-377,Gi0/1
HOST-378,SW-ACC-63,6707,connected,Gi0/7,SW-ACC-63,HOST-378,Gi0/1
HOST-379,SW-ACC-64,6709,connected,Gi0/2,SW-ACC-64,HOST-379,Gi0/1
HOST-380,SW-ACC-64,6710,connected,Gi0/3,SW-ACC-64,HOST-380,Gi0/1
HOST-381,SW-ACC-64,6711,connected,Gi0/4,SW-ACC-64,HOST-381,Gi0/1
HOST-382,SW-ACC-64,6712,connected,Gi0/5,SW-ACC-64,HOST-382,Gi0/1
HOST-383,SW-ACC-64,6713,connected,Gi0/6,SW-ACC-64,HOST-383,Gi0/1
HOST-384,SW-ACC-64,6714,connected,Gi0/7,SW-ACC-64,HOST-384,Gi0/1
HOST-385,SW-ACC-65,6716,connected,Gi0/2,SW-ACC-65,HOST-385,Gi0/1
HOST-386,SW-ACC-65,6717,connected,Gi0/3,SW-ACC-65,HOST-386,Gi0/1
HOST-387,SW-ACC-65,6718,connected,Gi0/4,SW-ACC-65,HOST-387,Gi0/1
HOST-388,SW-ACC-65,6719,connected,Gi0/5,SW-ACC-65,HOST-388,Gi0/1
HOST-389,SW-ACC-65,6720,connected,Gi0/6,SW-ACC-65,HOST-389,Gi0/1
HOST-390,SW-ACC-65,6721,connected,Gi0/7,SW-ACC-65,HOST-390,Gi0/1
HOST-391,SW-ACC-66,6723,connected,Gi0/2,SW-ACC-66,HOST-391,Gi0/1
HOST-392,SW-ACC-66,6724,connected,Gi0/3,SW-ACC-66,HOST-392,Gi0/1
HOST-393,SW-ACC-66,6725,connected,Gi0/4,SW-ACC-66,HOST-393,Gi0/1
HOST-394,SW-ACC-66,6726,connected,Gi0/5,SW-ACC-66,HOST-394,Gi0/1
HOST-395,SW-ACC-66,6727,connected,Gi0/6,SW-ACC-66,HOST-395,Gi0/1
HOST-396,SW-ACC-66,6728,connected,Gi0/7,SW-ACC-66,HOST-396,Gi0/1
HOST-397,SW-ACC-67,6731,connected,Gi0/2,SW-ACC-67,HOST-397,Gi0/1
HOST-398,SW-ACC-67,6732,connected,Gi0/3,SW-ACC-67,HOST-398,Gi0/1
HOST-399,SW-ACC-67,6733,connected,Gi0/4,SW-ACC-67,HOST-399,Gi0/1
HOST-400,SW-ACC-67,6734,connected,Gi0/5,SW-ACC-67,HOST-400,Gi0/1
HOST-401,SW-ACC-67,6735,connected,Gi0/6,SW-ACC-67,HOST-401,Gi0/1
HOST-402,SW-ACC-67,6736,connected,Gi0/7,SW-ACC-67,HOST-402,Gi0/1
HOST-403,SW-ACC-68,6738,connected,Gi0/2,SW-ACC-68,HOST-403,Gi0/1
HOST-404,SW-ACC-68,6739,connected,Gi0/3,SW-ACC-68,HOST-404,Gi0/1
HOST-405,SW-ACC-68,6740,connected,Gi0/4,SW-ACC-68,HOST-405,Gi0/1
HOST-406,SW-ACC-68,6741,connected,Gi0/5,SW-ACC-68,HOST-406,Gi0/1
HOST-407,SW-ACC-68,6742,connected,Gi0/6,SW-ACC-68,HOST-407,Gi0/1
HOST-408,SW-ACC-68,6743,connected,Gi0/7,SW-ACC-68,HOST-408,Gi0/1
HOST-409,SW-ACC-69,6745,connected,Gi0/2,SW-ACC-69,HOST-409,Gi0/1
HOST-410,SW-ACC-69,6746,connected,Gi0/3,SW-ACC-69,HOST-410,Gi0/1
HOST-411,SW-ACC-69,6747,connected,Gi0/4,SW-ACC-69,HOST-411,Gi0/1
HOST-412,SW-ACC-69,6748,connected,Gi0/5,SW-ACC-69,HOST-412,Gi0/1
HOST-413,SW-ACC-69,6749,connected,Gi0/6,SW-ACC-69,HOST-413,Gi0/1
HOST-414,SW-ACC-69,6750,connected,Gi0/7,SW-ACC-69,HOST-414,Gi0/1
HOST-415,SW-ACC-70,6752,connected,Gi0/2,SW-ACC-70,HOST-415,Gi0/1
HOST-416,SW-ACC-70,6753,connected,Gi0/3,SW-ACC-70,HOST-416,Gi0/1
HOST-417,SW-ACC-70,6754,connected,Gi0/4,SW-ACC-70,HOST-417,Gi0/1
HOST-418,SW-ACC-70,6755,connected,Gi0/5,SW-ACC-70,HOST-418,Gi0/1
HOST-419,SW-ACC-70,6756,connected,Gi0/6,SW-ACC-70,HOST-419,Gi0/1
HOST-420,SW-ACC-70,6757,connected,Gi0/7,SW-ACC-70,HOST-420,Gi0/1
HOST-421,SW-ACC-71,6759,connected,Gi0/2,SW-ACC-71,HOST-421,Gi0/1
HOST-422,SW-ACC-71,6760,connected,Gi0/3,SW-ACC-71,HOST-422,Gi0/1
HOST-423,SW-ACC-71,6761,connected,Gi0/4,SW-ACC-71,HOST-423,Gi0/1
HOST-424,SW-ACC-71,6762,connected,Gi0/5,SW-ACC-71,HOST-424,Gi0/1
HOST-425,SW-ACC-71,6763,connected,Gi0/6,SW-ACC-71,HOST-425,Gi0/1
HOST-426,SW-ACC-71,6764,connected,Gi0/7,SW-ACC-71,HOST-426,Gi0/1
HOST-427,SW-ACC-72,6766,connected,Gi0/2,SW-ACC-72,HOST-427,Gi0/1
HOST-428,SW-ACC-72,6767,connected,Gi0/3,SW-ACC-72,HOST-428,Gi0/1
HOST-429,SW-ACC-72,6768,connected,Gi0/4,SW-ACC-72,HOST-429,Gi0/1
HOST-430,SW-ACC-72,6769,connected,Gi0/5,SW-ACC-72,HOST-430,Gi0/1
HOST-431,SW-ACC-72,6770,connected,Gi0/6,SW-ACC-72,HOST-431,Gi0/1
HOST-432,SW-ACC-72,6771,connected,Gi0/7,SW-ACC-72,HOST-432,Gi0/1
HOST-433,SW-ACC-73,6774,connected,Gi0/2,SW-ACC-73,HOST-433,Gi0/1
HOST-434,SW-ACC-73,6775,connected,Gi0/3,SW-ACC-73,HOST-434,Gi0/1
HOST-435,SW-ACC-73,6776,connected,Gi0/4,SW-ACC-73,HOST-435,Gi0/1
HOST-436,SW-ACC-73,6777,connected,Gi0/5,SW-ACC-73,HOST-436,Gi0/1
HOST-437,SW-ACC-73,6778,connected,Gi0/6,SW-ACC-73,HOST-437,Gi0/1
HOST-438,SW-ACC-73,6779,connected,Gi0/7,SW-ACC-73,HOST-438,Gi0/1
HOST-439,SW-ACC-74,6781,connected,Gi0/2,SW-ACC-74,HOST-439,Gi0/1
HOST-440,SW-ACC-74,6782,connected,Gi0/3,SW-ACC-74,HOST-440,Gi0/1
HOST-441,SW-ACC-74,6783,connected,Gi0/4,SW-ACC-74,HOST-441,Gi0/1
HOST-442,SW-ACC-74,6784,connected,Gi0/5,SW-ACC-74,HOST-442,Gi0/1
HOST-443,SW-ACC-74,6785,connected,Gi0/6,SW-ACC-74,HOST-443,Gi0/1
HOST-444,SW-ACC-74,6786,connected,Gi0/7,SW-ACC-74,HOST-444,Gi0/1
HOST-445,SW-ACC-75,6788,connected,Gi0/2,SW-ACC-75,HOST-445,Gi0/1
HOST-446,SW-ACC-75,6789,connected,Gi0/3,SW-ACC-75,HOST-446,Gi0/1
HOST-447,SW-ACC-75,6790,connected,Gi0/4,SW-ACC-75,HOST-447,Gi0/1
HOST-448,SW-ACC-75,6791,connected,Gi0/5,SW-ACC-75,HOST-448,Gi0/1
HOST-449,SW-ACC-75,6792,connected,Gi0/6,SW-ACC-75,HOST-449,Gi0/1
HOST-450,SW-ACC-75,6793,connected,Gi0/7,SW-ACC-75,HOST-450,Gi0/1
HOST-451,SW-ACC-76,6795,connected,Gi0/2,SW-ACC-76,HOST-451,Gi0/1
HOST-452,SW-ACC-76,6796,connected,Gi0/3,SW-ACC-76,HOST-452,Gi0/1
HOST-453,SW-ACC-76,6797,connected,Gi0/4,SW-ACC-76,HOST-453,Gi0/1
HOST-454,SW-ACC-76,6798,connected,Gi0/5,SW-ACC-76,HOST-454,Gi0/1
HOST-455,SW-ACC-76,6799,connected,Gi0/6,SW-ACC-76,HOST-455,Gi0/1
HOST-456,SW-ACC-76,6800,connected,Gi0/7,SW-ACC-76,HOST-456,Gi0/1
HOST-457,SW-ACC-77,6802,connected,Gi0/2,SW-ACC-77,HOST-457,Gi0/1
HOST-458,SW-ACC-77,6803,connected,Gi0/3,SW-ACC-77,HOST-458,Gi0/1
HOST-459,SW-ACC-77,6804,connected,Gi0/4,SW-ACC-77,HOST-459,Gi0/1
HOST-460,SW-ACC-77,6805,connected,Gi0/5,SW-ACC-77,HOST-460,Gi0/1
HOST-461,SW-ACC-77,6806,connected,Gi0/6,SW-ACC-77,HOST-461,Gi0/1
HOST-462,SW-ACC-77,6807,connected,Gi0/7,SW-ACC-77,HOST-462,Gi0/1
HOST-463,SW-ACC-78,6809,connected,Gi0/2,SW-ACC-78,HOST-463,Gi0/1
HOST-464,SW-ACC-78,6810,connected,Gi0/3,SW-ACC-78,HOST-464,Gi0/1
HOST-465,SW-ACC-78,6811,connected,Gi0/4,SW-ACC-78,HOST-465,Gi0/1
HOST-466,SW-ACC-78,6812,connected,Gi0/5,SW-ACC-78,HOST-466,Gi0/1
HOST-467,SW-ACC-78,6813,connected,Gi0/6,SW-ACC-78,HOST-467,Gi0/1
HOST-468,SW-ACC-78,6814,connected,Gi0/7,SW-ACC-78,HOST-468,Gi0/1
HOST-469,SW-ACC-79,6817,connected,Gi0/2,SW-ACC-79,HOST-469,Gi0/1
HOST-470,SW-ACC-79,6818,connected,Gi0/3,SW-ACC-79,HOST-470,Gi0/1
HOST-471,SW-ACC-79,6819,connected,Gi0/4,SW-ACC-79,HOST-471,Gi0/1
HOST-472,SW-ACC-79,6820,connected,Gi0/5,SW-ACC-79,HOST-472,Gi0/1
HOST-473,SW-ACC-79,6821,connected,Gi0/6,SW-ACC-79,HOST-473,Gi0/1
HOST-474,SW-ACC-79,6822,connected,Gi0/7,SW-ACC-79,HOST-474,Gi0/1
HOST-475,SW-ACC-80,6824,connected,Gi0/2,SW-ACC-80,HOST-475,Gi0/1
HOST-476,SW-ACC-80,6825,connected,Gi0/3,SW-ACC-80,HOST-476,Gi0/1
HOST-477,SW-ACC-80,6826,connected,Gi0/4,SW-ACC-80,HOST-477,Gi0/1
HOST-478,SW-ACC-80,6827,connected,Gi0/5,SW-ACC-80,HOST-478,Gi0/1
HOST-479,SW-ACC-80,6828,connected,Gi0/6,SW-ACC-80,HOST-479,Gi0/1
HOST-480,SW-ACC-80,6829,connected,Gi0/7,SW-ACC-80,HOST-480,Gi0/1
HOST-481,SW-ACC-81,6831,connected,Gi0/2,SW-ACC-81,HOST-481,Gi0/1
HOST-482,SW-ACC-81,6832,connected,Gi0/3,SW-ACC-81,HOST-482,Gi0/1
HOST-483,SW-ACC-81,6833,connected,Gi0/4,SW-ACC-81,HOST-483,Gi0/1
HOST-484,SW-ACC-81,6834,connected,Gi0/5,SW-ACC-81,HOST-484,Gi0/1
HOST-485,SW-ACC-81,6835,connected,Gi0/6,SW-ACC-81,HOST-485,Gi0/1
HOST-486,SW-ACC-81,6836,connected,Gi0/7,SW-ACC-81,HOST-486,Gi0/1
HOST-487,SW-ACC-82,6838,connected,Gi0/2,SW-ACC-82,HOST-487,Gi0/1
HOST-488,SW-ACC-82,6839,connected,Gi0/3,SW-ACC-82,HOST-488,Gi0/1
HOST-489,SW-ACC-82,6840,connected,Gi0/4,SW-ACC-82,HOST-489,Gi0/1
HOST-490,SW-ACC-82,6841,connected,Gi0/5,SW-ACC-82,HOST-490,Gi0/1
HOST-491,SW-ACC-82,6842,connected,Gi0/6,SW-ACC-82,HOST-491,Gi0/1
HOST-492,SW-ACC-82,6843,connected,Gi0/7,SW-ACC-82,HOST-492,Gi0/1
HOST-493,SW-ACC-83,6845,connected,Gi0/2,SW-ACC-83,HOST-493,Gi0/1
HOST-494,SW-ACC-83,6846,connected,Gi0/3,SW-ACC-83,HOST-494,Gi0/1
HOST-495,SW-ACC-83,6847,connected,Gi0/4,SW-ACC-83,HOST-495,Gi0/1
HOST-496,SW-ACC-83,6848,connected,Gi0/5,SW-ACC-83,HOST-496,Gi0/1
HOST-497,SW-ACC-83,6849,connected,Gi0/6,SW-ACC-83,HOST-497,Gi0/1
HOST-498,SW-ACC-83,6850,connected,Gi0/7,SW-ACC-83,HOST-498,Gi0/1
HOST-499,SW-ACC-84,6852,connected,Gi0/2,SW-ACC-84,HOST-499,Gi0/1
HOST-500,SW-ACC-84,6853,connected,Gi0/3,SW-ACC-84,HOST-500,Gi0/1
HOST-501,SW-ACC-84,6854,connected,Gi0/4,SW-ACC-84,HOST-501,Gi0/1
HOST-502,SW-ACC-84,6855,connected,Gi0/5,SW-ACC-84,HOST-502,Gi0/1
HOST-503,SW-ACC-84,6856,connected,Gi0/6,SW-ACC-84,HOST-503,Gi0/1
HOST-504,SW-ACC-84,6857,connected,Gi0/7,SW-ACC-84,HOST-504,Gi0/1
HOST-505,SW-ACC-85,6860,connected,Gi0/2,SW-ACC-85,HOST-505,Gi0/1
HOST-506,SW-ACC-85,6861,connected,Gi0/3,SW-ACC-85,HOST-506,Gi0/1
HOST-507,SW-ACC-85,6862,connected,Gi0/4,SW-ACC-85,HOST-507,Gi0/1
HOST-508,SW-ACC-85,6863,connected,Gi0/5,SW-ACC-85,HOST-508,Gi0/1
HOST-509,SW-ACC-85,6864,connected,Gi0/6,SW-ACC-85,HOST-509,Gi0/1
HOST-510,SW-ACC-85,6865,connected,Gi0/7,SW-ACC-85,HOST-510,Gi0/1
HOST-511,SW-ACC-86,6867,connected,Gi0/2,SW-ACC-86,HOST-511,Gi0/1
HOST-512,SW-ACC-86,6868,connected,Gi0/3,SW-ACC-86,HOST-512,Gi0/1
HOST-513,SW-ACC-86,6869,connected,Gi0/4,SW-ACC-86,HOST-513,Gi0/1
HOST-514,SW-ACC-86,6870,connected,Gi0/5,SW-ACC-86,HOST-514,Gi0/1
HOST-515,SW-ACC-86,6871,connected,Gi0/6,SW-ACC-86,HOST-515,Gi0/1
HOST-516,SW-ACC-86,6872,connected,Gi0/7,SW-ACC-86,HOST-516,Gi0/1
HOST-517,SW-ACC-87,6874,connected,Gi0/2,SW-ACC-87,HOST-517,Gi0/1
HOST-518,SW-ACC-87,6875,connected,Gi0/3,SW-ACC-87,HOST-518,Gi0/1
HOST-519,SW-ACC-87,6876,connected,Gi0/4,SW-ACC-87,HOST-519,Gi0/1
HOST-520,SW-ACC-87,6877,connected,Gi0/5,SW-ACC-87,HOST-520,Gi0/1
HOST-521,SW-ACC-87,6878,connected,Gi0/6,SW-ACC-87,HOST-521,Gi0/1
HOST-522,SW-ACC-87,6879,connected,Gi0/7,SW-ACC-87,HOST-522,Gi0/1
HOST-523,SW-ACC-88,6881,connected,Gi0/2,SW-ACC-88,HOST-523,Gi0/1
HOST-524,SW-ACC-88,6882,connected,Gi0/3,SW-ACC-88,HOST-524,Gi0/1
HOST-525,SW-ACC-88,6883,connected,Gi0/4,SW-ACC-88,HOST-525,Gi0/1
HOST-526,SW-ACC-88,6884,connected,Gi0/5,SW-ACC-88,HOST-526,Gi0/1
HOST-527,SW-ACC-88,6885,connected,Gi0/6,SW-ACC-88,HOST-527,Gi0/1
HOST-528,SW-ACC-88,6886,connected,Gi0/7,SW-ACC-88,HOST-528,Gi0/1
HOST-529,SW-ACC-89,6888,connected,Gi0/2,SW-ACC-89,HOST-529,Gi0/1
HOST-530,SW-ACC-89,6889,connected,Gi0/3,SW-ACC-89,HOST-530,Gi0/1
HOST-531,SW-ACC-89,6890,connected,Gi0/4,SW-ACC-89,HOST-531,Gi0/1
HOST-532,SW-ACC-89,6891,connected,Gi0/5,SW-ACC-89,HOST-532,Gi0/1
HOST-533,SW-ACC-89,6892,connected,Gi0/6,SW-ACC-89,HOST-533,Gi0/1
HOST-534,SW-ACC-89,6893,connected,Gi0/7,SW-ACC-89,HOST-534,Gi0/1
HOST-535,SW-ACC-90,6895,connected,Gi0/2,SW-ACC-90,HOST-535,Gi0/1
HOST-536,SW-ACC-90,6896,connected,Gi0/3,SW-ACC-90,HOST-536,Gi0/1
HOST-537,SW-ACC-90,6897,connected,Gi0/4,SW-ACC-90,HOST-537,Gi0/1
HOST-538,SW-ACC-90,6898,connected,Gi0/5,SW-ACC-90,HOST-538,Gi0/1
HOST-539,SW-ACC-90,6899,connected,Gi0/6,SW-ACC-90,HOST-539,Gi0/1
HOST-540,SW-ACC-90,6900,connected,Gi0/7,SW-ACC-90,HOST-540,Gi0/1
HOST-541,SW-ACC-91,6903,connected,Gi0/2,SW-ACC-91,HOST-541,Gi0/1
HOST-542,SW-ACC-91,6904,connected,Gi0/3,SW-ACC-91,HOST-542,Gi0/1
HOST-543,SW-ACC-91,6905,connected,Gi0/4,SW-ACC-91,HOST-543,Gi0/1
HOST-544,SW-ACC-91,6906,connected,Gi0/5,SW-ACC-91,HOST-544,Gi0/1
HOST-545,SW-ACC-91,6907,connected,Gi0/6,SW-ACC-91,HOST-545,Gi0/1
HOST-546,SW-ACC-91,6908,connected,Gi0/7,SW-ACC-91,HOST-546,Gi0/1
HOST-547,SW-ACC-92,6910,connected,Gi0/2,SW-ACC-92,HOST-547,Gi0/1
HOST-548,SW-ACC-92,6911,connected,Gi0/3,SW-ACC-92,HOST-548,Gi0/1
HOST-549,SW-ACC-92,6912,connected,Gi0/4,SW-ACC-92,HOST-549,Gi0/1
HOST-550,SW-ACC-92,6913,connected,Gi0/5,SW-ACC-92,HOST-550,Gi0/1
HOST-551,SW-ACC-92,6914,connected,Gi0/6,SW-ACC-92,HOST-551,Gi0/1
HOST-552,SW-ACC-92,6915,connected,Gi0/7,SW-ACC-92,HOST-552,Gi0/1
HOST-553,SW-ACC-93,6917,connected,Gi0/2,SW-ACC-93,HOST-553,Gi0/1
HOST-554,SW-ACC-93,6918,connected,Gi0/3,SW-ACC-93,HOST-554,Gi0/1
HOST-555,SW-ACC-93,6919,connected,Gi0/4,SW-ACC-93,HOST-555,Gi0/1
HOST-556,SW-ACC-93,6920,connected,Gi0/5,SW-ACC-93,HOST-556,Gi0/1
HOST-557,SW-ACC-93,6921,connected,Gi0/6,SW-ACC-93,HOST-557,Gi0/1
HOST-558,SW-ACC-93,6922,connected,Gi0/7,SW-ACC-93,HOST-558,Gi0/1
HOST-559,SW-ACC-94,6924,connected,Gi0/2,SW-ACC-94,HOST-559,Gi0/1
HOST-560,SW-ACC-94,6925,connected,Gi0/3,SW-ACC-94,HOST-560,Gi0/1
HOST-561,SW-ACC-94,6926,connected,Gi0/4,SW-ACC-94,HOST-561,Gi0/1
HOST-562,SW-ACC-94,6927,connected,Gi0/5,SW-ACC-94,HOST-562,Gi0/1
HOST-563,SW-ACC-94,6928,connected,Gi0/6,SW-ACC-94,HOST-563,Gi0/1
HOST-564,SW-ACC-94,6929,connected,Gi0/7,SW-ACC-94,HOST-564,Gi0/1
HOST-565,SW-ACC-95,6931,connected,Gi0/2,SW-ACC-95,HOST-565,Gi0/1
HOST-566,SW-ACC-95,6932,connected,Gi0/3,SW-ACC-95,HOST-566,Gi0/1
HOST-567,SW-ACC-95,6933,connected,Gi0/4,SW-ACC-95,HOST-567,Gi0/1
HOST-568,SW-ACC-95,6934,connected,Gi0/5,SW-ACC-95,HOST-568,Gi0/1
HOST-569,SW-ACC-95,6935,connected,Gi0/6,SW-ACC-95,HOST-569,Gi0/1
HOST-570,SW-ACC-95,6936,connected,Gi0/7,SW-ACC-95,HOST-570,Gi0/1
HOST-571,SW-ACC-96,6938,connected,Gi0/2,SW-ACC-96,HOST-571,Gi0/1
HOST-572,SW-ACC-96,6939,connected,Gi0/3,SW-ACC-96,HOST-572,Gi0/1
HOST-573,SW-ACC-96,6940,connected,Gi0/4,SW-ACC-96,HOST-573,Gi0/1
HOST-574,SW-ACC-96,6941,connected,Gi0/5,SW-ACC-96,HOST-574,Gi0/1
HOST-575,SW-ACC-96,6942,connected,Gi0/6,SW-ACC-96,HOST-575,Gi0/1
HOST-576,SW-ACC-96,6943,connected,Gi0/7,SW-ACC-96,HOST-576,Gi0/1
HOST-577,SW-ACC-97,6946,connected,Gi0/2,SW-ACC-97,HOST-577,Gi0/1
HOST-578,SW-ACC-97,6947,connected,Gi0/3,SW-ACC-97,HOST-578,Gi0/1
HOST-579,SW-ACC-97,6948,connected,Gi0/4,SW-ACC-97,HOST-579,Gi0/1
HOST-580,SW-ACC-97,6949,connected,Gi0/5,SW-ACC-97,HOST-580,Gi0/1
HOST-581,SW-ACC-97,6950,connected,Gi0/6,SW-ACC-97,HOST-581,Gi0/1
HOST-582,SW-ACC-97,6951,connected,Gi0/7,SW-ACC-97,HOST-582,Gi0/1
HOST-583,SW-ACC-98,6953,connected,Gi0/2,SW-ACC-98,HOST-583,Gi0/1
HOST-584,SW-ACC-98,6954,connected,Gi0/3,SW-ACC-98,HOST-584,Gi0/1
HOST-585,SW-ACC-98,6955,connected,Gi0/4,SW-ACC-98,HOST-585,Gi0/1
HOST-586,SW-ACC-98,6956,connected,Gi0/5,SW-ACC-98,HOST-586,Gi0/1
HOST-587,SW-ACC-98,6957,connected,Gi0/6,SW-ACC-98,HOST-587,Gi0/1
HOST-588,SW-ACC-98,6958,connected,Gi0/7,SW-ACC-98,HOST-588,Gi0/1
HOST-589,SW-ACC-99,6960,connected,Gi0/2,SW-ACC-99,HOST-589,Gi0/1
HOST-590,SW-ACC-99,6961,connected,Gi0/3,SW-ACC-99,HOST-590,Gi0/1
HOST-591,SW-ACC-99,6962,connected,Gi0/4,SW-ACC-99,HOST-591,Gi0/1
HOST-592,SW-ACC-99,6963,connected,Gi0/5,SW-ACC-99,HOST-592,Gi0/1
HOST-593,SW-ACC-99,6964,connected,Gi0/6,SW-ACC-99,HOST-593,Gi0/1
HOST-594,SW-ACC-99,6965,connected,Gi0/7,SW-ACC-99,HOST-594,Gi0/1
HOST-595,SW-ACC-100,6967,connected,Gi0/2,SW-ACC-100,HOST-595,Gi0/1
HOST-596,SW-ACC-100,6968,connected,Gi0/3,SW-ACC-100,HOST-596,Gi0/1
HOST-597,SW-ACC-100,6969,connected,Gi0/4,SW-ACC-100,HOST-597,Gi0/1
HOST-598,SW-ACC-100,6970,connected,Gi0/5,SW-ACC-100,HOST-598,Gi0/1
HOST-599,SW-ACC-100,6971,connected,Gi0/6,SW-ACC-100,HOST-599,Gi0/1
HOST-600,SW-ACC-100,6972,connected,Gi0/7,SW-ACC-100,HOST-600,Gi0/1
HOST-601,SW-ACC-101,6974,connected,Gi0/2,SW-ACC-101,HOST-601,Gi0/1
HOST-602,SW-ACC-101,6975,connected,Gi0/3,SW-ACC-101,HOST-602,Gi0/1
HOST-603,SW-ACC-101,6976,connected,Gi0/4,SW-ACC-101,HOST-603,Gi0/1
HOST-604,SW-ACC-101,6977,connected,Gi0/5,SW-ACC-101,HOST-604,Gi0/1
HOST-605,SW-ACC-101,6978,connected,Gi0/6,SW-ACC-101,HOST-605,Gi0/1
HOST-606,SW-ACC-101,6979,connected,Gi0/7,SW-ACC-101,HOST-606,Gi0/1
HOST-607,SW-ACC-102,6981,connected,Gi0/2,SW-ACC-102,HOST-607,Gi0/1
HOST-608,SW-ACC-102,6982,connected,Gi0/3,SW-ACC-102,HOST-608,Gi0/1
HOST-609,SW-ACC-102,6983,connected,Gi0/4,SW-ACC-102,HOST-609,Gi0/1
HOST-610,SW-ACC-102,6984,connected,Gi0/5,SW-ACC-102,HOST-610,Gi0/1
HOST-611,SW-ACC-102,6985,connected,Gi0/6,SW-ACC-102,HOST-611,Gi0/1
HOST-612,SW-ACC-102,6986,connected,Gi0/7,SW-ACC-102,HOST-612,Gi0/1
HOST-613,SW-ACC-103,6989,connected,Gi0/2,SW-ACC-103,HOST-613,Gi0/1
HOST-614,SW-ACC-103,6990,connected,Gi0/3,SW-ACC-103,HOST-614,Gi0/1
HOST-615,SW-ACC-103,6991,connected,Gi0/4,SW-ACC-103,HOST-615,Gi0/1
HOST-616,SW-ACC-103,6992,connected,Gi0/5,SW-ACC-103,HOST-616,Gi0/1
HOST-617,SW-ACC-103,6993,connected,Gi0/6,SW-ACC-103,HOST-617,Gi0/1
HOST-618,SW-ACC-103,6994,connected,Gi0/7,SW-ACC-103,HOST-618,Gi0/1
HOST-619,SW-ACC-104,6996,connected,Gi0/2,SW-ACC-104,HOST-619,Gi0/1
HOST-620,SW-ACC-104,6997,connected,Gi0/3,SW-ACC-104,HOST-620,Gi0/1
HOST-621,SW-ACC-104,6998,connected,Gi0/4,SW-ACC-104,HOST-621,Gi0/1
HOST-622,SW-ACC-104,6999,connected,Gi0/5,SW-ACC-104,HOST-622,Gi0/1
HOST-623,SW-ACC-104,7000,connected,Gi0/6,SW-ACC-104,HOST-623,Gi0/1
HOST-624,SW-ACC-104,7001,connected,Gi0/7,SW-ACC-104,HOST-624,Gi0/1
HOST-625,SW-ACC-105,7003,connected,Gi0/2,SW-ACC-105,HOST-625,Gi0/1
HOST-626,SW-ACC-105,7004,connected,Gi0/3,SW-ACC-105,HOST-626,Gi0/1
HOST-627,SW-ACC-105,7005,connected,Gi0/4,SW-ACC-105,HOST-627,Gi0/1
HOST-628,SW-ACC-105,7006,connected,Gi0/5,SW-ACC-105,HOST-628,Gi0/1
HOST-629,SW-ACC-105,7007,connected,Gi0/6,SW-ACC-105,HOST-629,Gi0/1
HOST-630,SW-ACC-105,7008,connected,Gi0/7,SW-ACC-105,HOST-630,Gi0/1
HOST-631,SW-ACC-106,7010,connected,Gi0/2,SW-ACC-106,HOST-631,Gi0/1
HOST-632,SW-ACC-106,7011,connected,Gi0/3,SW-ACC-106,HOST-632,Gi0/1
HOST-633,SW-ACC-106,7012,connected,Gi0/4,SW-ACC-106,HOST-633,Gi0/1
HOST-634,SW-ACC-106,7013,connected,Gi0/5,SW-ACC-106,HOST-634,Gi0/1
HOST-635,SW-ACC-106,7014,connected,Gi0/6,SW-ACC-106,HOST-635,Gi0/1
HOST-636,SW-ACC-106,7015,connected,Gi0/7,SW-ACC-106,HOST-636,Gi0/1
HOST-637,SW-ACC-107,7017,connected,Gi0/2,SW-ACC-107,HOST-637,Gi0/1
HOST-638,SW-ACC-107,7018,connected,Gi0/3,SW-ACC-107,HOST-638,Gi0/1
HOST-639,SW-ACC-107,7019,connected,Gi0/4,SW-ACC-107,HOST-639,Gi0/1
HOST-640,SW-ACC-107,7020,connected,Gi0/5,SW-ACC-107,HOST-640,Gi0/1
HOST-641,SW-ACC-107,7021,connected,Gi0/6,SW-ACC-107,HOST-641,Gi0/1
HOST-642,SW-ACC-107,7022,connected,Gi0/7,SW-ACC-107,HOST-642,Gi0/1
HOST-643,SW-ACC-108,7024,connected,Gi0/2,SW-ACC-108,HOST-643,Gi0/1
HOST-644,SW-ACC-108,7025,connected,Gi0/3,SW-ACC-108,HOST-644,Gi0/1
HOST-645,SW-ACC-108,7026,connected,Gi0/4,SW-ACC-108,HOST-645,Gi0/1
HOST-646,SW-ACC-108,7027,connected,Gi0/5,SW-ACC-108,HOST-646,Gi0/1
HOST-647,SW-ACC-108,7028,connected,Gi0/6,SW-ACC-108,HOST-647,Gi0/1
HOST-648,SW-ACC-108,7029,connected,Gi0/7,SW-ACC-108,HOST-648,Gi0/1
HOST-649,SW-ACC-109,7032,connected,Gi0/2,SW-ACC-109,HOST-649,Gi0/1
HOST-650,SW-ACC-109,7033,connected,Gi0/3,SW-ACC-109,HOST-650,Gi0/1
HOST-651,SW-ACC-109,7034,connected,Gi0/4,SW-ACC-109,HOST-651,Gi0/1
HOST-652,SW-ACC-109,7035,connected,Gi0/5,SW-ACC-109,HOST-652,Gi0/1
HOST-653,SW-ACC-109,7036,connected,Gi0/6,SW-ACC-109,HOST-653,Gi0/1
HOST-654,SW-ACC-109,7037,connected,Gi0/7,SW-ACC-109,HOST-654,Gi0/1
HOST-655,SW-ACC-110,7039,connected,Gi0/2,SW-ACC-110,HOST-655,Gi0/1
HOST-656,SW-ACC-110,7040,connected,Gi0/3,SW-ACC-110,HOST-656,Gi0/1
HOST-657,SW-ACC-110,7041,connected,Gi0/4,SW-ACC-110,HOST-657,Gi0/1
HOST-658,SW-ACC-110,7042,connected,Gi0/5,SW-ACC-110,HOST-658,Gi0/1
HOST-659,SW-ACC-110,7043,connected,Gi0/6,SW-ACC-110,HOST-659,Gi0/1
HOST-660,SW-ACC-110,7044,connected,Gi0/7,SW-ACC-110,HOST-660,Gi0/1
HOST-661,SW-ACC-111,7046,connected,Gi0/2,SW-ACC-111,HOST-661,Gi0/1
HOST-662,SW-ACC-111,7047,connected,Gi0/3,SW-ACC-111,HOST-662,Gi0/1
HOST-663,SW-ACC-111,7048,connected,Gi0/4,SW-ACC-111,HOST-663,Gi0/1
HOST-664,SW-ACC-111,7049,connected,Gi0/5,SW-ACC-111,HOST-664,Gi0/1
HOST-665,SW-ACC-111,7050,connected,Gi0/6,SW-ACC-111,HOST-665,Gi0/1
HOST-666,SW-ACC-111,7051,connected,Gi0/7,SW-ACC-111,HOST-666,Gi0/1
HOST-667,SW-ACC-112,7053,connected,Gi0/2,SW-ACC-112,HOST-667,Gi0/1
HOST-668,SW-ACC-112,7054,connected,Gi0/3,SW-ACC-112,HOST-668,Gi0/1
HOST-669,SW-ACC-112,7055,connected,Gi0/4,SW-ACC-112,HOST-669,Gi0/1
HOST-670,SW-ACC-112,7056,connected,Gi0/5,SW-ACC-112,HOST-670,Gi0/1
HOST-671,SW-ACC-112,7057,connected,Gi0/6,SW-ACC-112,HOST-671,Gi0/1
HOST-672,SW-ACC-112,7058,connected,Gi0/7,SW-ACC-112,HOST-672,Gi0/1
HOST-673,SW-ACC-113,7060,connected,Gi0/2,SW-ACC-113,HOST-673,Gi0/1
HOST-674,SW-ACC-113,7061,connected,Gi0/3,SW-ACC-113,HOST-674,Gi0/1
HOST-675,SW-ACC-113,7062,connected,Gi0/4,SW-ACC-113,HOST-675,Gi0/1
HOST-676,SW-ACC-113,7063,connected,Gi0/5,SW-ACC-113,HOST-676,Gi0/1
HOST-677,SW-ACC-113,7064,connected,Gi0/6,SW-ACC-113,HOST-677,Gi0/1
HOST-678,SW-ACC-113,7065,connected,Gi0/7,SW-ACC-113,HOST-678,Gi0/1
HOST-679,SW-ACC-114,7067,connected,Gi0/2,SW-ACC-114,HOST-679,Gi0/1
HOST-680,SW-ACC-114,7068,connected,Gi0/3,SW-ACC-114,HOST-680,Gi0/1
HOST-681,SW-ACC-114,7069,connected,Gi0/4,SW-ACC-114,HOST-681,Gi0/1
HOST-682,SW-ACC-114,7070,connected,Gi0/5,SW-ACC-114,HOST-682,Gi0/1
HOST-683,SW-ACC-114,7071,connected,Gi0/6,SW-ACC-114,HOST-683,Gi0/1
HOST-684,SW-ACC-114,7072,connected,Gi0/7,SW-ACC-114,HOST-684,Gi0/1
HOST-685,SW-ACC-115,7075,connected,Gi0/2,SW-ACC-115,HOST-685,Gi0/1
HOST-686,SW-ACC-115,7076,connected,Gi0/3,SW-ACC-115,HOST-686,Gi0/1
HOST-687,SW-ACC-115,7077,connected,Gi0/4,SW-ACC-115,HOST-687,Gi0/1
HOST-688,SW-ACC-115,7078,connected,Gi0/5,SW-ACC-115,HOST-688,Gi0/1
HOST-689,SW-ACC-115,7079,connected,Gi0/6,SW-ACC-115,HOST-689,Gi0/1
HOST-690,SW-ACC-115,7080,connected,Gi0/7,SW-ACC-115,HOST-690,Gi0/1
HOST-691,SW-ACC-116,7082,connected,Gi0/2,SW-ACC-116,HOST-691,Gi0/1
HOST-692,SW-ACC-116,7083,connected,Gi0/3,SW-ACC-116,HOST-692,Gi0/1
HOST-693,SW-ACC-116,7084,connected,Gi0/4,SW-ACC-116,HOST-693,Gi0/1
HOST-694,SW-ACC-116,7085,connected,Gi0/5,SW-ACC-116,HOST-694,Gi0/1
HOST-695,SW-ACC-116,7086,connected,Gi0/6,SW-ACC-116,HOST-695,Gi0/1
HOST-696,SW-ACC-116,7087,connected,Gi0/7,SW-ACC-116,HOST-696,Gi0/1
HOST-697,SW-ACC-117,7089,connected,Gi0/2,SW-ACC-117,HOST-697,Gi0/1
HOST-698,SW-ACC-117,7090,connected,Gi0/3,SW-ACC-117,HOST-698,Gi0/1
HOST-699,SW-ACC-117,7091,connected,Gi0/4,SW-ACC-117,HOST-699,Gi0/1
HOST-700,SW-ACC-117,7092,connected,Gi0/5,SW-ACC-117,HOST-700,Gi0/1
HOST-701,SW-ACC-117,7093,connected,Gi0/6,SW-ACC-117,HOST-701,Gi0/1
HOST-702,SW-ACC-117,7094,connected,Gi0/7,SW-ACC-117,HOST-702,Gi0/1
HOST-703,SW-ACC-118,7096,connected,Gi0/2,SW-ACC-118,HOST-703,Gi0/1
HOST-704,SW-ACC-118,7097,connected,Gi0/3,SW-ACC-118,HOST-704,Gi0/1
HOST-705,SW-ACC-118,7098,connected,Gi0/4,SW-ACC-118,HOST-705,Gi0/1
HOST-706,SW-ACC-118,7099,connected,Gi0/5,SW-ACC-118,HOST-706,Gi0/1
HOST-707,SW-ACC-118,7100,connected,Gi0/6,SW-ACC-118,HOST-707,Gi0/1
HOST-708,SW-ACC-118,7101,connected,Gi0/7,SW-ACC-118,HOST-708,Gi0/1
HOST-709,SW-ACC-119,7103,connected,Gi0/2,SW-ACC-119,HOST-709,Gi0/1
HOST-710,SW-ACC-119,7104,connected,Gi0/3,SW-ACC-119,HOST-710,Gi0/1
HOST-711,SW-ACC-119,7105,connected,Gi0/4,SW-ACC-119,HOST-711,Gi0/1
HOST-712,SW-ACC-119,7106,connected,Gi0/5,SW-ACC-119,HOST-712,Gi0/1
HOST-713,SW-ACC-119,7107,connected,Gi0/6,SW-ACC-119,HOST-713,Gi0/1
HOST-714,SW-ACC-119,7108,connected,Gi0/7,SW-ACC-119,HOST-714,Gi0/1
HOST-715,SW-ACC-120,7110,connected,Gi0/2,SW-ACC-120,HOST-715,Gi0/1
HOST-716,SW-ACC-120,7111,connected,Gi0/3,SW-ACC-120,HOST-716,Gi0/1
HOST-717,SW-ACC-120,7112,connected,Gi0/4,SW-ACC-120,HOST-717,Gi0/1
HOST-718,SW-ACC-120,7113,connected,Gi0/5,SW-ACC-120,HOST-718,Gi0/1
HOST-719,SW-ACC-120,7114,connected,Gi0/6,SW-ACC-120,HOST-719,Gi0/1
HOST-720,SW-ACC-120,7115,connected,Gi0/7,SW-ACC-120,HOST-720,Gi0/1
HOST-721,SW-ACC-121,7118,connected,Gi0/2,SW-ACC-121,HOST-721,Gi0/1
HOST-722,SW-ACC-121,7119,connected,Gi0/3,SW-ACC-121,HOST-722,Gi0/1
HOST-723,SW-ACC-121,7120,connected,Gi0/4,SW-ACC-121,HOST-723,Gi0/1
HOST-724,SW-ACC-121,7121,connected,Gi0/5,SW-ACC-121,HOST-724,Gi0/1
HOST-725,SW-ACC-121,7122,connected,Gi0/6,SW-ACC-121,HOST-725,Gi0/1
HOST-726,SW-ACC-121,7123,connected,Gi0/7,SW-ACC-121,HOST-726,Gi0/1
HOST-727,SW-ACC-122,7125,connected,Gi0/2,SW-ACC-122,HOST-727,Gi0/1
HOST-728,SW-ACC-122,7126,connected,Gi0/3,SW-ACC-122,HOST-728,Gi0/1
HOST-729,SW-ACC-122,7127,connected,Gi0/4,SW-ACC-122,HOST-729,Gi0/1
HOST-730,SW-ACC-122,7128,connected,Gi0/5,SW-ACC-122,HOST-730,Gi0/1
HOST-731,SW-ACC-122,7129,connected,Gi0/6,SW-ACC-122,HOST-731,Gi0/1
HOST-732,SW-ACC-122,7130,connected,Gi0/7,SW-ACC-122,HOST-732,Gi0/1
HOST-733,SW-ACC-123,7132,connected,Gi0/2,SW-ACC-123,HOST-733,Gi0/1
HOST-734,SW-ACC-123,7133,connected,Gi0/3,SW-ACC-123,HOST-734,Gi0/1
HOST-735,SW-ACC-123,7134,connected,Gi0/4,SW-ACC-123,HOST-735,Gi0/1
HOST-736,SW-ACC-123,7135,connected,Gi0/5,SW-ACC-123,HOST-736,Gi0/1
HOST-737,SW-ACC-123,7136,connected,Gi0/6,SW-ACC-123,HOST-737,Gi0/1
HOST-738,SW-ACC-123,7137,connected,Gi0/7,SW-ACC-123,HOST-738,Gi0/1
HOST-739,SW-ACC-124,7139,connected,Gi0/2,SW-ACC-124,HOST-739,Gi0/1
HOST-740,SW-ACC-124,7140,connected,Gi0/3,SW-ACC-124,HOST-740,Gi0/1
HOST-741,SW-ACC-124,7141,connected,Gi0/4,SW-ACC-124,HOST-741,Gi0/1
HOST-742,SW-ACC-124,7142,connected,Gi0/5,SW-ACC-124,HOST-742,Gi0/1
HOST-743,SW-ACC-124,7143,connected,Gi0/6,SW-ACC-124,HOST-743,Gi0/1
HOST-744,SW-ACC-124,7144,connected,Gi0/7,SW-ACC-124,HOST-744,Gi0/1
HOST-745,SW-ACC-125,7146,connected,Gi0/2,SW-ACC-125,HOST-745,Gi0/1
HOST-746,SW-ACC-125,7147,connected,Gi0/3,SW-ACC-125,HOST-746,Gi0/1
HOST-747,SW-ACC-125,7148,connected,Gi0/4,SW-ACC-125,HOST-747,Gi0/1
HOST-748,SW-ACC-125,7149,connected,Gi0/5,SW-ACC-125,HOST-748,Gi0/1
HOST-749,SW-ACC-125,7150,connected,Gi0/6,SW-ACC-125,HOST-749,Gi0/1
HOST-750,SW-ACC-125,7151,connected,Gi0/7,SW-ACC-125,HOST-750,Gi0/1
HOST-751,SW-ACC-126,7153,connected,Gi0/2,SW-ACC-126,HOST-751,Gi0/1
HOST-752,SW-ACC-126,7154,connected,Gi0/3,SW-ACC-126,HOST-752,Gi0/1
HOST-753,SW-ACC-126,7155,connected,Gi0/4,SW-ACC-126,HOST-753,Gi0/1
HOST-754,SW-ACC-126,7156,connected,Gi0/5,SW-ACC-126,HOST-754,Gi0/1
HOST-755,SW-ACC-126,7157,connected,Gi0/6,SW-ACC-126,HOST-755,Gi0/1
HOST-756,SW-ACC-126,7158,connected,Gi0/7,SW-ACC-126,HOST-756,Gi0/1
HOST-757,SW-ACC-127,7161,connected,Gi0/2,SW-ACC-127,HOST-757,Gi0/1
HOST-758,SW-ACC-127,7162,connected,Gi0/3,SW-ACC-127,HOST-758,Gi0/1
HOST-759,SW-ACC-127,7163,connected,Gi0/4,SW-ACC-127,HOST-759,Gi0/1
HOST-760,SW-ACC-127,7164,connected,Gi0/5,SW-ACC-127,HOST-760,Gi0/1
HOST-761,SW-ACC-127,7165,connected,Gi0/6,SW-ACC-127,HOST-761,Gi0/1
HOST-762,SW-ACC-127,7166,connected,Gi0/7,SW-ACC-127,HOST-762,Gi0/1
HOST-763,SW-ACC-128,7168,connected,Gi0/2,SW-ACC-128,HOST-763,Gi0/1
HOST-764,SW-ACC-128,7169,connected,Gi0/3,SW-ACC-128,HOST-764,Gi0/1
HOST-765,SW-ACC-128,7170,connected,Gi0/4,SW-ACC-128,HOST-765,Gi0/1
HOST-766,SW-ACC-128,7171,connected,Gi0/5,SW-ACC-128,HOST-766,Gi0/1
HOST-767,SW-ACC-128,7172,connected,Gi0/6,SW-ACC-128,HOST-767,Gi0/1
HOST-768,SW-ACC-128,7173,connected,Gi0/7,SW-ACC-128,HOST-768,Gi0/1
HOST-769,SW-ACC-129,7175,connected,Gi0/2,SW-ACC-129,HOST-769,Gi0/1
HOST-770,SW-ACC-129,7176,connected,Gi0/3,SW-ACC-129,HOST-770,Gi0/1
HOST-771,SW-ACC-129,7177,connected,Gi0/4,SW-ACC-129,HOST-771,Gi0/1
HOST-772,SW-ACC-129,7178,connected,Gi0/5,SW-ACC-129,HOST-772,Gi0/1
HOST-773,SW-ACC-129,7179,connected,Gi0/6,SW-ACC-129,HOST-773,Gi0/1
HOST-774,SW-ACC-129,7180,connected,Gi0/7,SW-ACC-129,HOST-774,Gi0/1
HOST-775,SW-ACC-130,7182,connected,Gi0/2,SW-ACC-130,HOST-775,Gi0/1
HOST-776,SW-ACC-130,7183,connected,Gi0/3,SW-ACC-130,HOST-776,Gi0/1
HOST-777,SW-ACC-130,7184,connected,Gi0/4,SW-ACC-130,HOST-777,Gi0/1
HOST-778,SW-ACC-130,7185,connected,Gi0/5,SW-ACC-130,HOST-778,Gi0/1
HOST-779,SW-ACC-130,7186,connected,Gi0/6,SW-ACC-130,HOST-779,Gi0/1
HOST-780,SW-ACC-130,7187,connected,Gi0/7,SW-ACC-130,HOST-780,Gi0/1
HOST-781,SW-ACC-131,7189,connected,Gi0/2,SW-ACC-131,HOST-781,Gi0/1
HOST-782,SW-ACC-131,7190,connected,Gi0/3,SW-ACC-131,HOST-782,Gi0/1
HOST-783,SW-ACC-131,7191,connected,Gi0/4,SW-ACC-131,HOST-783,Gi0/1
HOST-784,SW-ACC-131,7192,connected,Gi0/5,SW-ACC-131,HOST-784,Gi0/1
HOST-785,SW-ACC-131,7193,connected,Gi0/6,SW-ACC-131,HOST-785,Gi0/1
HOST-786,SW-ACC-131,7194,connected,Gi0/7,SW-ACC-131,HOST-786,Gi0/1
HOST-787,SW-ACC-132,7196,connected,Gi0/2,SW-ACC-132,HOST-787,Gi0/1
HOST-788,SW-ACC-132,7197,connected,Gi0/3,SW-ACC-132,HOST-788,Gi0/1
HOST-789,SW-ACC-132,7198,connected,Gi0/4,SW-ACC-132,HOST-789,Gi0/1
HOST-790,SW-ACC-132,7199,connected,Gi0/5,SW-ACC-132,HOST-790,Gi0/1
HOST-791,SW-ACC-132,7200,connected,Gi0/6,SW-ACC-132,HOST-791,Gi0/1
HOST-792,SW-ACC-132,7201,connected,Gi0/7,SW-ACC-132,HOST-792,Gi0/1
HOST-793,SW-ACC-133,7204,connected,Gi0/2,SW-ACC-133,HOST-793,Gi0/1
HOST-794,SW-ACC-133,7205,connected,Gi0/3,SW-ACC-133,HOST-794,Gi0/1
HOST-795,SW-ACC-133,7206,connected,Gi0/4,SW-ACC-133,HOST-795,Gi0/1
HOST-796,SW-ACC-133,7207,connected,Gi0/5,SW-ACC-133,HOST-796,Gi0/1
HOST-797,SW-ACC-133,7208,connected,Gi0/6,SW-ACC-133,HOST-797,Gi0/1
HOST-798,SW-ACC-133,7209,connected,Gi0/7,SW-ACC-133,HOST-798,Gi0/1
HOST-799,SW-ACC-134,7211,connected,Gi0/2,SW-ACC-134,HOST-799,Gi0/1
HOST-800,SW-ACC-134,7212,connected,Gi0/3,SW-ACC-134,HOST-800,Gi0/1
HOST-801,SW-ACC-134,7213,connected,Gi0/4,SW-ACC-134,HOST-801,Gi0/1
HOST-802,SW-ACC-134,7214,connected,Gi0/5,SW-ACC-134,HOST-802,Gi0/1
HOST-803,SW-ACC-134,7215,connected,Gi0/6,SW-ACC-134,HOST-803,Gi0/1
HOST-804,SW-ACC-134,7216,connected,Gi0/7,SW-ACC-134,HOST-804,Gi0/1
HOST-805,SW-ACC-135,7218,connected,Gi0/2,SW-ACC-135,HOST-805,Gi0/1
HOST-806,SW-ACC-135,7219,connected,Gi0/3,SW-ACC-135,HOST-806,Gi0/1
HOST-807,SW-ACC-135,7220,connected,Gi0/4,SW-ACC-135,HOST-807,Gi0/1
HOST-808,SW-ACC-135,7221,connected,Gi0/5,SW-ACC-135,HOST-808,Gi0/1
HOST-809,SW-ACC-135,7222,connected,Gi0/6,SW-ACC-135,HOST-809,Gi0/1
HOST-810,SW-ACC-135,7223,connected,Gi0/7,SW-ACC-135,HOST-810,Gi0/1
HOST-811,SW-ACC-136,7225,connected,Gi0/2,SW-ACC-136,HOST-811,Gi0/1
HOST-812,SW-ACC-136,7226,connected,Gi0/3,SW-ACC-136,HOST-812,Gi0/1
HOST-813,SW-ACC-136,7227,connected,Gi0/4,SW-ACC-136,HOST-813,Gi0/1
HOST-814,SW-ACC-136,7228,connected,Gi0/5,SW-ACC-136,HOST-814,Gi0/1
HOST-815,SW-ACC-136,7229,connected,Gi0/6,SW-ACC-136,HOST-815,Gi0/1
HOST-816,SW-ACC-136,7230,connected,Gi0/7,SW-ACC-136,HOST-816,Gi0/1
HOST-817,SW-ACC-137,7232,connected,Gi0/2,SW-ACC-137,HOST-817,Gi0/1
HOST-818,SW-ACC-137,7233,connected,Gi0/3,SW-ACC-137,HOST-818,Gi0/1
HOST-819,SW-ACC-137,7234,connected,Gi0/4,SW-ACC-137,HOST-819,Gi0/1
HOST-820,SW-ACC-137,7235,connected,Gi0/5,SW-ACC-137,HOST-820,Gi0/1
HOST-821,SW-ACC-137,7236,connected,Gi0/6,SW-ACC-137,HOST-821,Gi0/1
HOST-822,SW-ACC-137,7237,connected,Gi0/7,SW-ACC-137,HOST-822,Gi0/1
HOST-823,SW-ACC-138,7239,connected,Gi0/2,SW-ACC-138,HOST-823,Gi0/1
HOST-824,SW-ACC-138,7240,connected,Gi0/3,SW-ACC-138,HOST-824,Gi0/1
HOST-825,SW-ACC-138,7241,connected,Gi0/4,SW-ACC-138,HOST-825,Gi0/1
HOST-826,SW-ACC-138,7242,connected,Gi0/5,SW-ACC-138,HOST-826,Gi0/1
HOST-827,SW-ACC-138,7243,connected,Gi0/6,SW-ACC-138,HOST-827,Gi0/1
HOST-828,SW-ACC-138,7244,connected,Gi0/7,SW-ACC-138,HOST-828,Gi0/1
HOST-829,SW-ACC-139,7247,connected,Gi0/2,SW-ACC-139,HOST-829,Gi0/1
HOST-830,SW-ACC-139,7248,connected,Gi0/3,SW-ACC-139,HOST-830,Gi0/1
HOST-831,SW-ACC-139,7249,connected,Gi0/4,SW-ACC-139,HOST-831,Gi0/1
HOST-832,SW-ACC-139,7250,connected,Gi0/5,SW-ACC-139,HOST-832,Gi0/1
HOST-833,SW-ACC-139,7251,connected,Gi0/6,SW-ACC-139,HOST-833,Gi0/1
HOST-834,SW-ACC-139,7252,connected,Gi0/7,SW-ACC-139,HOST-834,Gi0/1
HOST-835,SW-ACC-140,7254,connected,Gi0/2,SW-ACC-140,HOST-835,Gi0/1
HOST-836,SW-ACC-140,7255,connected,Gi0/3,SW-ACC-140,HOST-836,Gi0/1
HOST-837,SW-ACC-140,7256,connected,Gi0/4,SW-ACC-140,HOST-837,Gi0/1
HOST-838,SW-ACC-140,7257,connected,Gi0/5,SW-ACC-140,HOST-838,Gi0/1
HOST-839,SW-ACC-140,7258,connected,Gi0/6,SW-ACC-140,HOST-839,Gi0/1
HOST-840,SW-ACC-140,7259,connected,Gi0/7,SW-ACC-140,HOST-840,Gi0/1
HOST-841,SW-ACC-141,7261,connected,Gi0/2,SW-ACC-141,HOST-841,Gi0/1
HOST-842,SW-ACC-141,7262,connected,Gi0/3,SW-ACC-141,HOST-842,Gi0/1
HOST-843,SW-ACC-141,7263,connected,Gi0/4,SW-ACC-141,HOST-843,Gi0/1
HOST-844,SW-ACC-141,7264,connected,Gi0/5,SW-ACC-141,HOST-844,Gi0/1
HOST-845,SW-ACC-141,7265,connected,Gi0/6,SW-ACC-141,HOST-845,Gi0/1
HOST-846,SW-ACC-141,7266,connected,Gi0/7,SW-ACC-141,HOST-846,Gi0/1
HOST-847,SW-ACC-142,7268,connected,Gi0/2,SW-ACC-142,HOST-847,Gi0/1
HOST-848,SW-ACC-142,7269,connected,Gi0/3,SW-ACC-142,HOST-848,Gi0/1
HOST-849,SW-ACC-142,7270,connected,Gi0/4,SW-ACC-142,HOST-849,Gi0/1
HOST-850,SW-ACC-142,7271,connected,Gi0/5,SW-ACC-142,HOST-850,Gi0/1
HOST-851,SW-ACC-142,7272,connected,Gi0/6,SW-ACC-142,HOST-851,Gi0/1
HOST-852,SW-ACC-142,7273,connected,Gi0/7,SW-ACC-142,HOST-852,Gi0/1
HOST-853,SW-ACC-143,7275,connected,Gi0/2,SW-ACC-143,HOST-853,Gi0/1
HOST-854,SW-ACC-143,7276,connected,Gi0/3,SW-ACC-143,HOST-854,Gi0/1
HOST-855,SW-ACC-143,7277,connected,Gi0/4,SW-ACC-143,HOST-855,Gi0/1
HOST-856,SW-ACC-143,7278,connected,Gi0/5,SW-ACC-143,HOST-856,Gi0/1
HOST-857,SW-ACC-143,7279,connected,Gi0/6,SW-ACC-143,HOST-857,Gi0/1
HOST-858,SW-ACC-143,7280,connected,Gi0/7,SW-ACC-143,HOST-858,Gi0/1
HOST-859,SW-ACC-144,7282,connected,Gi0/2,SW-ACC-144,HOST-859,Gi0/1
HOST-860,SW-ACC-144,7283,connected,Gi0/3,SW-ACC-144,HOST-860,Gi0/1
HOST-861,SW-ACC-144,7284,connected,Gi0/4,SW-ACC-144,HOST-861,Gi0/1
HOST-862,SW-ACC-144,7285,connected,Gi0/5,SW-ACC-144,HOST-862,Gi0/1
HOST-863,SW-ACC-144,7286,connected,Gi0/6,SW-ACC-144,HOST-863,Gi0/1
HOST-864,SW-ACC-144,7287,connected,Gi0/7,SW-ACC-144,HOST-864,Gi0/1
SW-ACC-1,SW-DIST-1,6257,connected,Gi0/2,SW-DIST-1,SW-ACC-1,Gi0/1
SW-ACC-1,SW-ACC-2,7546,connected,Gi0/8,SW-ACC-1,SW-ACC-2,Gi0/8
SW-ACC-2,SW-DIST-1,6264,connected,Gi0/3,SW-DIST-1,SW-ACC-2,Gi0/1
SW-ACC-3,SW-DIST-1,6271,connected,Gi0/4,SW-DIST-1,SW-ACC-3,Gi0/1
SW-ACC-4,SW-DIST-1,6278,connected,Gi0/5,SW-DIST-1,SW-ACC-4,Gi0/1
SW-ACC-5,SW-DIST-1,6285,connected,Gi0/6,SW-DIST-1,SW-ACC-5,Gi0/1
SW-ACC-6,SW-DIST-1,6292,connected,Gi0/7,SW-DIST-1,SW-ACC-6,Gi0/1
SW-ACC-7,SW-DIST-2,6300,connected,Gi0/2,SW-DIST-2,SW-ACC-7,Gi0/1
SW-ACC-8,SW-DIST-2,6307,connected,Gi0/3,SW-DIST-2,SW-ACC-8,Gi0/1
SW-ACC-9,SW-DIST-2,6314,connected,Gi0/4,SW-DIST-2,SW-ACC-9,Gi0/1
SW-ACC-10,SW-DIST-2,6321,connected,Gi0/5,SW-DIST-2,SW-ACC-10,Gi0/1
SW-ACC-11,SW-DIST-2,6328,connected,Gi0/6,SW-DIST-2,SW-ACC-11,Gi0/1
SW-ACC-12,SW-DIST-2,6335,connected,Gi0/7,SW-DIST-2,SW-ACC-12,Gi0/1
SW-ACC-13,SW-DIST-3,6343,connected,Gi0/2,SW-DIST-3,SW-ACC-13,Gi0/1
SW-ACC-14,SW-DIST-3,6350,connected,Gi0/3,SW-DIST-3,SW-ACC-14,Gi0/1
SW-ACC-15,SW-DIST-3,6357,connected,Gi0/4,SW-DIST-3,SW-ACC-15,Gi0/1
SW-ACC-16,SW-DIST-3,6364,connected,Gi0/5,SW-DIST-3,SW-ACC-16,Gi0/1
SW-ACC-17,SW-DIST-3,6371,connected,Gi0/6,SW-DIST-3,SW-ACC-17,Gi0/1
SW-ACC-18,SW-DIST-3,6378,connected,Gi0/7,SW-DIST-3,SW-ACC-18,Gi0/1
SW-ACC-19,SW-DIST-4,6386,connected,Gi0/2,SW-DIST-4,SW-ACC-19,Gi0/1
SW-ACC-20,SW-DIST-4,6393,connected,Gi0/3,SW-DIST-4,SW-ACC-20,Gi0/1
SW-ACC-21,SW-DIST-4,6400,connected,Gi0/4,SW-DIST-4,SW-ACC-21,Gi0/1
SW-ACC-22,SW-DIST-4,6407,connected,Gi0/5,SW-DIST-4,SW-ACC-22,Gi0/1
SW-ACC-23,SW-DIST-4,6414,connected,Gi0/6,SW-DIST-4,SW-ACC-23,Gi0/1
SW-ACC-24,SW-DIST-4,6421,connected,Gi0/7,SW-DIST-4,SW-ACC-24,Gi0/1
SW-ACC-25,SW-DIST-5,6429,connected,Gi0/2,SW-DIST-5,SW-ACC-25,Gi0/1
SW-ACC-26,SW-DIST-5,6436,connected,Gi0/3,SW-DIST-5,SW-ACC-26,Gi0/1
SW-ACC-27,SW-DIST-5,6443,connected,Gi0/4,SW-DIST-5,SW-ACC-27,Gi0/1
SW-ACC-28,SW-DIST-5,6450,connected,Gi0/5,SW-DIST-5,SW-ACC-28,Gi0/1
SW-ACC-29,SW-DIST-5,6457,connected,Gi0/6,SW-DIST-5,SW-ACC-29,Gi0/1
SW-ACC-30,SW-DIST-5,6464,connected,Gi0/7,SW-DIST-5,SW-ACC-30,Gi0/1
SW-ACC-31,SW-DIST-6,6472,connected,Gi0/2,SW-DIST-6,SW-ACC-31,Gi0/1
SW-ACC-32,SW-DIST-6,6479,connected,Gi0/3,SW-DIST-6,SW-ACC-32,Gi0/1
SW-ACC-33,SW-DIST-6,6486,connected,Gi0/4,SW-DIST-6,SW-ACC-33,Gi0/1
SW-ACC-34,SW-DIST-6,6493,connected,Gi0/5,SW-DIST-6,SW-ACC-34,Gi0/1
SW-ACC-35,SW-DIST-6,6500,connected,Gi0/6,SW-DIST-6,SW-ACC-35,Gi0/1
SW-ACC-36,SW-DIST-6,6507,connected,Gi0/7,SW-DIST-6,SW-ACC-36,Gi0/1
SW-ACC-37,SW-DIST-7,6515,connected,Gi0/2,SW-DIST-7,SW-ACC-37,Gi0/1
SW-ACC-38,SW-DIST-7,6522,connected,Gi0/3,SW-DIST-7,SW-ACC-38,Gi0/1
SW-ACC-39,SW-DIST-7,6529,connected,Gi0/4,SW-DIST-7,SW-ACC-39,Gi0/1
SW-ACC-40,SW-DIST-7,6536,connected,Gi0/5,SW-DIST-7,SW-ACC-40,Gi0/1
SW-ACC-41,SW-DIST-7,6543,connected,Gi0/6,SW-DIST-7,SW-ACC-41,Gi0/1
SW-ACC-42,SW-DIST-7,6550,connected,Gi0/7,SW-DIST-7,SW-ACC-42,Gi0/1
SW-ACC-43,SW-DIST-8,6558,connected,Gi0/2,SW-DIST-8,SW-ACC-43,Gi0/1
SW-ACC-44,SW-DIST-8,6565,connected,Gi0/3,SW-DIST-8,SW-ACC-44,Gi0/1
SW-ACC-45,SW-DIST-8,6572,connected,Gi0/4,SW-DIST-8,SW-ACC-45,Gi0/1
SW-ACC-46,SW-DIST-8,6579,connected,Gi0/5,SW-DIST-8,SW-ACC-46,Gi0/1
SW-ACC-47,SW-DIST-8,6586,connected,Gi0/6,SW-DIST-8,SW-ACC-47,Gi0/1
SW-ACC-48,SW-DIST-8,6593,connected,Gi0/7,SW-DIST-8,SW-ACC-48,Gi0/1
SW-ACC-49,SW-DIST-9,6601,connected,Gi0/2,SW-DIST-9,SW-ACC-49,Gi0/1
SW-ACC-50,SW-DIST-9,6608,connected,Gi0/3,SW-DIST-9,SW-ACC-50,Gi0/1
SW-ACC-51,SW-DIST-9,6615,connected,Gi0/4,SW-DIST-9,SW-ACC-51,Gi0/1
SW-ACC-52,SW-DIST-9,6622,connected,Gi0/5,SW-DIST-9,SW-ACC-52,Gi0/1
SW-ACC-53,SW-DIST-9,6629,connected,Gi0/6,SW-DIST-9,SW-ACC-53,Gi0/1
SW-ACC-54,SW-DIST-9,6636,connected,Gi0/7,SW-DIST-9,SW-ACC-54,Gi0/1
SW-ACC-55,SW-DIST-10,6644,connected,Gi0/2,SW-DIST-10,SW-ACC-55,Gi0/1
SW-ACC-56,SW-DIST-10,6651,connected,Gi0/3,SW-DIST-10,SW-ACC-56,Gi0/1
SW-ACC-57,SW-DIST-10,6658,connected,Gi0/4,SW-DIST-10,SW-ACC-57,Gi0/1
SW-ACC-58,SW-DIST-10,6665,connected,Gi0/5,SW-DIST-10,SW-ACC-58,Gi0/1
SW-ACC-59,SW-DIST-10,6672,connected,Gi0/6,SW-DIST-10,SW-ACC-59,Gi0/1
SW-ACC-60,SW-DIST-10,6679,connected,Gi0/7,SW-DIST-10,SW-ACC-60,Gi0/1
SW-ACC-61,SW-DIST-11,6687,connected,Gi0/2,SW-DIST-11,SW-ACC-61,Gi0/1
SW-ACC-62,SW-DIST-11,6694,connected,Gi0/3,SW-DIST-11,SW-ACC-62,Gi0/1
SW-ACC-63,SW-DIST-11,6701,connected,Gi0/4,SW-DIST-11,SW-ACC-63,Gi0/1
SW-ACC-64,SW-DIST-11,6708,connected,Gi0/5,SW-DIST-11,SW-ACC-64,Gi0/1
SW-ACC-65,SW-DIST-11,6715,connected,Gi0/6,SW-DIST-11,SW-ACC-65,Gi0/1
SW-ACC-66,SW-DIST-11,6722,connected,Gi0/7,SW-DIST-11,SW-ACC-66,Gi0/1
SW-ACC-67,SW-DIST-12,6730,connected,Gi0/2,SW-DIST-12,SW-ACC-67,Gi0/1
SW-ACC-68,SW-DIST-12,6737,connected,Gi0/3,SW-DIST-12,SW-ACC-68,Gi0/1
SW-ACC-69,SW-DIST-12,6744,connected,Gi0/4,SW-DIST-12,SW-ACC-69,Gi0/1
SW-ACC-70,SW-DIST-12,6751,connected,Gi0/5,SW-DIST-12,SW-ACC-70,Gi0/1
SW-ACC-71,SW-DIST-12,6758,connected,Gi0/6,SW-DIST-12,SW-ACC-71,Gi0/1
SW-ACC-72,SW-DIST-12,6765,connected,Gi0/7,SW-DIST-12,SW-ACC-72,Gi0/1
SW-ACC-73,SW-DIST-13,6773,connected,Gi0/2,SW-DIST-13,SW-ACC-73,Gi0/1
SW-ACC-74,SW-DIST-13,6780,connected,Gi0/3,SW-DIST-13,SW-ACC-74,Gi0/1
SW-ACC-75,SW-DIST-13,6787,connected,Gi0/4,SW-DIST-13,SW-ACC-75,Gi0/1
SW-ACC-76,SW-DIST-13,6794,connected,Gi0/5,SW-DIST-13,SW-ACC-76,Gi0/1
SW-ACC-77,SW-DIST-13,6801,connected,Gi0/6,SW-DIST-13,SW-ACC-77,Gi0/1
SW-ACC-78,SW-DIST-13,6808,connected,Gi0/7,SW-DIST-13,SW-ACC-78,Gi0/1
SW-ACC-79,SW-DIST-14,6816,connected,Gi0/2,SW-DIST-14,SW-ACC-79,Gi0/1
SW-ACC-80,SW-DIST-14,6823,connected,Gi0/3,SW-DIST-14,SW-ACC-80,Gi0/1
SW-ACC-81,SW-DIST-14,6830,connected,Gi0/4,SW-DIST-14,SW-ACC-81,Gi0/1
SW-ACC-82,SW-DIST-14,6837,connected,Gi0/5,SW-DIST-14,SW-ACC-82,Gi0/1
SW-ACC-83,SW-DIST-14,6844,connected,Gi0/6,SW-DIST-14,SW-ACC-83,Gi0/1
SW-ACC-84,SW-DIST-14,6851,connected,Gi0/7,SW-DIST-14,SW-ACC-84,Gi0/1
SW-ACC-85,SW-DIST-15,6859,connected,Gi0/2,SW-DIST-15,SW-ACC-85,Gi0/1
SW-ACC-86,SW-DIST-15,6866,connected,Gi0/3,SW-DIST-15,SW-ACC-86,Gi0/1
SW-ACC-87,SW-DIST-15,6873,connected,Gi0/4,SW-DIST-15,SW-ACC-87,Gi0/1
SW-ACC-88,SW-DIST-15,6880,connected,Gi0/5,SW-DIST-15,SW-ACC-88,Gi0/1
SW-ACC-89,SW-DIST-15,6887,connected,Gi0/6,SW-DIST-15,SW-ACC-89,Gi0/1
SW-ACC-90,SW-DIST-15,6894,connected,Gi0/7,SW-DIST-15,SW-ACC-90,Gi0/1
SW-ACC-91,SW-DIST-16,6902,connected,Gi0/2,SW-DIST-16,SW-ACC-91,Gi0/1
SW-ACC-92,SW-DIST-16,6909,connected,Gi0/3,SW-DIST-16,SW-ACC-92,Gi0/1
SW-ACC-93,SW-DIST-16,6916,connected,Gi0/4,SW-DIST-16,SW-ACC-93,Gi0/1
SW-ACC-94,SW-DIST-16,6923,connected,Gi0/5,SW-DIST-16,SW-ACC-94,Gi0/1
SW-ACC-95,SW-DIST-16,6930,connected,Gi0/6,SW-DIST-16,SW-ACC-95,Gi0/1
SW-ACC-96,SW-DIST-16,6937,connected,Gi0/7,SW-DIST-16,SW-ACC-96,Gi0/1
SW-ACC-97,SW-DIST-17,6945,connected,Gi0/2,SW-DIST-17,SW-ACC-97,Gi0/1
SW-ACC-98,SW-DIST-17,6952,connected,Gi0/3,SW-DIST-17,SW-ACC-98,Gi0/1
SW-ACC-99,SW-DIST-17,6959,connected,Gi0/4,SW-DIST-17,SW-ACC-99,Gi0/1
SW-ACC-100,SW-DIST-17,6966,connected,Gi0/5,SW-DIST-17,SW-ACC-100,Gi0/1
SW-ACC-101,SW-DIST-17,6973,connected,Gi0/6,SW-DIST-17,SW-ACC-101,Gi0/1
SW-ACC-102,SW-DIST-17,6980,connected,Gi0/7,SW-DIST-17,SW-ACC-102,Gi0/1
SW-ACC-103,SW-DIST-18,6988,connected,Gi0/2,SW-DIST-18,SW-ACC-103,Gi0/1
SW-ACC-104,SW-DIST-18,6995,connected,Gi0/3,SW-DIST-18,SW-ACC-104,Gi0/1
SW-ACC-105,SW-DIST-18,7002,connected,Gi0/4,SW-DIST-18,SW-ACC-105,Gi0/1
SW-ACC-106,SW-DIST-18,7009,connected,Gi0/5,SW-DIST-18,SW-ACC-106,Gi0/1
SW-ACC-107,SW-DIST-18,7016,connected,Gi0/6,SW-DIST-18,SW-ACC-107,Gi0/1
SW-ACC-108,SW-DIST-18,7023,connected,Gi0/7,SW-DIST-18,SW-ACC-108,Gi0/1
SW-ACC-109,SW-DIST-19,7031,connected,Gi0/2,SW-DIST-19,SW-ACC-109,Gi0/1
SW-ACC-110,SW-DIST-19,7038,connected,Gi0/3,SW-DIST-19,SW-ACC-110,Gi0/1
SW-ACC-111,SW-DIST-19,7045,connected,Gi0/4,SW-DIST-19,SW-ACC-111,Gi0/1
SW-ACC-112,SW-DIST-19,7052,connected,Gi0/5,SW-DIST-19,SW-ACC-112,Gi0/1
SW-ACC-113,SW-DIST-19,7059,connected,Gi0/6,SW-DIST-19,SW-ACC-113,Gi0/1
SW-ACC-114,SW-DIST-19,7066,connected,Gi0/7,SW-DIST-19,SW-ACC-114,Gi0/1
SW-ACC-115,SW-DIST-20,7074,connected,Gi0/2,SW-DIST-20,SW-ACC-115,Gi0/1
SW-ACC-116,SW-DIST-20,7081,connected,Gi0/3,SW-DIST-20,SW-ACC-116,Gi0/1
SW-ACC-117,SW-DIST-20,7088,connected,Gi0/4,SW-DIST-20,SW-ACC-117,Gi0/1
SW-ACC-118,SW-DIST-20,7095,connected,Gi0/5,SW-DIST-20,SW-ACC-118,Gi0/1
SW-ACC-119,SW-DIST-20,7102,connected,Gi0/6,SW-DIST-20,SW-ACC-119,Gi0/1
SW-ACC-120,SW-DIST-20,7109,connected,Gi0/7,SW-DIST-20,SW-ACC-120,Gi0/1
SW-ACC-121,SW-DIST-21,7117,connected,Gi0/2,SW-DIST-21,SW-ACC-121,Gi0/1
SW-ACC-122,SW-DIST-21,7124,connected,Gi0/3,SW-DIST-21,SW-ACC-122,Gi0/1
SW-ACC-123,SW-DIST-21,7131,connected,Gi0/4,SW-DIST-21,SW-ACC-123,Gi0/1
SW-ACC-124,SW-DIST-21,7138,connected,Gi0/5,SW-DIST-21,SW-ACC-124,Gi0/1
SW-ACC-125,SW-DIST-21,7145,connected,Gi0/6,SW-DIST-21,SW-ACC-125,Gi0/1
SW-ACC-126,SW-DIST-21,7152,connected,Gi0/7,SW-DIST-21,SW-ACC-126,Gi0/1
SW-ACC-127,SW-DIST-22,7160,connected,Gi0/2,SW-DIST-22,SW-ACC-127,Gi0/1
SW-ACC-128,SW-DIST-22,7167,connected,Gi0/3,SW-DIST-22,SW-ACC-128,Gi0/1
SW-ACC-129,SW-DIST-22,7174,connected,Gi0/4,SW-DIST-22,SW-ACC-129,Gi0/1
SW-ACC-130,SW-DIST-22,7181,connected,Gi0/5,SW-DIST-22,SW-ACC-130,Gi0/1
SW-ACC-131,SW-DIST-22,7188,connected,Gi0/6,SW-DIST-22,SW-ACC-131,Gi0/1
SW-ACC-132,SW-DIST-22,7195,connected,Gi0/7,SW-DIST-22,SW-ACC-132,Gi0/1
SW-ACC-133,SW-DIST-23,7203,connected,Gi0/2,SW-DIST-23,SW-ACC-133,Gi0/1
SW-ACC-134,SW-DIST-23,7210,connected,Gi0/3,SW-DIST-23,SW-ACC-134,Gi0/1
SW-ACC-135,SW-DIST-23,7217,connected,Gi0/4,SW-DIST-23,SW-ACC-135,Gi0/1
SW-ACC-136,SW-DIST-23,7224,connected,Gi0/5,SW-DIST-23,SW-ACC-136,Gi0/1
SW-ACC-137,SW-DIST-23,7231,connected,Gi0/6,SW-DIST-23,SW-ACC-137,Gi0/1
SW-ACC-138,SW-DIST-23,7238,connected,Gi0/7,SW-DIST-23,SW-ACC-138,Gi0/1
SW-ACC-139,SW-DIST-24,7246,connected,Gi0/2,SW-DIST-24,SW-ACC-139,Gi0/1
SW-ACC-140,SW-DIST-24,7253,connected,Gi0/3,SW-DIST-24,SW-ACC-140,Gi0/1
SW-ACC-141,SW-DIST-24,7260,connected,Gi0/4,SW-DIST-24,SW-ACC-141,Gi0/1
SW-ACC-142,SW-DIST-24,7267,connected,Gi0/5,SW-DIST-24,SW-ACC-142,Gi0/1
SW-ACC-143,SW-DIST-24,7274,connected,Gi0/6,SW-DIST-24,SW-ACC-143,Gi0/1
SW-ACC-144,SW-DIST-24,7281,connected,Gi0/7,SW-DIST-24,SW-ACC-144,Gi0/1
SW-CORE-SITE1,SW-DIST-1,6256,connected,Gi0/1,SW-CORE-SITE1,SW-DIST-1,Gi0/1
SW-CORE-SITE1,SW-DIST-2,6299,connected,Gi0/2,SW-CORE-SITE1,SW-DIST-2,Gi0/1
SW-CORE-SITE1,SW-DIST-3,6342,connected,Gi0/3,SW-CORE-SITE1,SW-DIST-3,Gi0/1
SW-CORE-SITE1,SW-DIST-4,6385,connected,Gi0/4,SW-CORE-SITE1,SW-DIST-4,Gi0/1
SW-CORE-SITE1,SW-DIST-5,6428,connected,Gi0/5,SW-CORE-SITE1,SW-DIST-5,Gi0/1
SW-CORE-SITE1,SW-DIST-6,6471,connected,Gi0/6,SW-CORE-SITE1,SW-DIST-6,Gi0/1
SW-CORE-SITE2,SW-DIST-7,6514,connected,Gi0/1,SW-CORE-SITE2,SW-DIST-7,Gi0/1
SW-CORE-SITE2,SW-DIST-8,6557,connected,Gi0/2,SW-CORE-SITE2,SW-DIST-8,Gi0/1
SW-CORE-SITE2,SW-DIST-9,6600,connected,Gi0/3,SW-CORE-SITE2,SW-DIST-9,Gi0/1
SW-CORE-SITE2,SW-DIST-10,6643,connected,Gi0/4,SW-CORE-SITE2,SW-DIST-10,Gi0/1
SW-CORE-SITE2,SW-DIST-11,6686,connected,Gi0/5,SW-CORE-SITE2,SW-DIST-11,Gi0/1
SW-CORE-SITE2,SW-DIST-12,6729,connected,Gi0/6,SW-CORE-SITE2,SW-DIST-12,Gi0/1
SW-CORE-SITE3,SW-DIST-13,6772,connected,Gi0/1,SW-CORE-SITE3,SW-DIST-13,Gi0/1
SW-CORE-SITE3,SW-DIST-14,6815,connected,Gi0/2,SW-CORE-SITE3,SW-DIST-14,Gi0/1
SW-CORE-SITE3,SW-DIST-15,6858,connected,Gi0/3,SW-CORE-SITE3,SW-DIST-15,Gi0/1
SW-CORE-SITE3,SW-DIST-16,6901,connected,Gi0/4,SW-CORE-SITE3,SW-DIST-16,Gi0/1
SW-CORE-SITE3,SW-DIST-17,6944,connected,Gi0/5,SW-CORE-SITE3,SW-DIST-17,Gi0/1
SW-CORE-SITE3,SW-DIST-18,6987,connected,Gi0/6,SW-CORE-SITE3,SW-DIST-18,Gi0/1
SW-CORE-SITE4,SW-DIST-19,7030,connected,Gi0/1,SW-CORE-SITE4,SW-DIST-19,Gi0/1
SW-CORE-SITE4,SW-DIST-20,7073,connected,Gi0/2,SW-CORE-SITE4,SW-DIST-20,Gi0/1
SW-CORE-SITE4,SW-DIST-21,7116,connected,Gi0/3,SW-CORE-SITE4,SW-DIST-21,Gi0/1
SW-CORE-SITE4,SW-DIST-22,7159,connected,Gi0/4,SW-CORE-SITE4,SW-DIST-22,Gi0/1
SW-CORE-SITE4,SW-DIST-23,7202,connected,Gi0/5,SW-CORE-SITE4,SW-DIST-23,Gi0/1
SW-CORE-SITE4,SW-DIST-24,7245,connected,Gi0/6,SW-CORE-SITE4,SW-DIST-24,Gi0/1
